X1_1,X1_2,X1_3,X1_4,X1_5,X2_1,X2_2,X2_3,X2_4,X2_5
1.92,1.64,1.87,1.39,-1.01,3.82,1.19,0.62,1.08,1.09
-0.01,1.10,2.43,1.96,3.42,-2.05,0.92,-0.21,0.07,0.61
0.64,1.27,3.21,1.60,0.71,4.93,4.14,-0.21,3.51,1.45
0.12,-0.18,-5.79,-0.31,2.49,5.25,1.29,0.35,-0.08,1.05
-0.05,1.65,-6.61,-0.53,0.83,-1.49,3.22,0.65,7.77,2.28
0.95,1.49,1.00,-0.57,2.62,5.19,0.77,-0.52,2.41,2.23
0.18,0.26,0.86,0.73,-2.29,7.56,1.06,0.87,-4.77,0.15
-0.72,-0.83,1.89,1.56,0.96,-5.42,0.97,0.77,1.31,0.99
0.27,0.07,-1.72,0.37,1.73,1.77,0.95,1.02,5.50,1.97
0.54,-0.62,1.32,1.29,1.33,-4.67,0.16,-1.59,0.33,1.51
0.91,-0.61,2.10,1.47,1.11,0.66,0.56,1.23,0.55,1.18
1.63,0.79,1.30,1.37,0.59,-0.07,2.11,1.77,-7.67,-0.75
-0.85,0.16,-3.37,0.13,0.92,0.82,2.16,0.98,1.59,1.27
0.89,1.74,0.16,0.43,0.77,0.59,3.10,2.41,-1.40,0.60
-1.30,-1.99,2.46,1.35,-0.84,9.04,-0.41,1.92,-0.27,1.18
2.92,7.07,0.84,-0.38,2.73,14.67,2.38,3.85,5.24,2.15
0.43,-1.83,-0.78,1.79,-3.08,0.44,3.16,7.40,2.64,1.34
2.17,2.40,-1.42,0.43,0.80,0.11,0.41,-0.70,-4.68,0.07
1.84,1.87,3.07,1.40,0.90,4.89,2.44,1.54,-3.36,0.30
0.87,1.46,-0.23,0.71,1.83,1.86,0.60,2.06,7.57,2.54
1.32,2.20,2.55,1.09,0.56,-1.05,0.52,-0.51,0.81,0.52
1.65,1.16,8.62,2.77,1.47,-2.48,0.14,1.46,8.44,2.39
1.02,-0.95,-1.24,0.56,0.18,1.97,1.49,1.09,-0.09,0.22
1.71,3.84,-0.34,0.87,1.92,-0.33,-0.15,-2.87,1.00,1.22
0.27,0.46,1.05,1.03,0.05,-1.29,1.30,0.16,-0.94,0.71
0.96,0.71,-0.50,1.09,2.21,-5.45,3.00,-1.72,-2.62,0.56
0.65,-0.89,1.03,2.77,-1.70,5.04,1.23,1.79,2.27,0.56
2.63,6.06,2.34,-0.40,2.40,4.53,1.08,0.79,4.01,2.72
1.88,2.05,4.82,2.02,1.97,10.77,1.05,1.57,0.65,1.26
1.17,2.19,3.17,1.19,0.44,0.87,1.18,0.77,-1.80,0.74
-1.20,-1.26,-3.33,-0.01,1.35,1.86,0.73,0.85,5.28,1.65
2.38,5.00,0.65,1.91,4.86,-5.33,1.65,3.24,-1.10,1.66
0.75,0.59,-2.07,0.36,1.65,2.49,1.80,2.41,4.10,1.74
0.31,0.21,2.00,0.46,2.59,4.57,0.57,-1.28,1.83,-0.07
1.01,1.25,0.36,-0.03,1.76,-3.91,0.15,-2.09,2.18,0.49
0.93,1.41,-0.20,1.29,1.51,-0.46,2.39,5.44,0.98,-0.06
3.87,3.52,-4.63,0.26,0.69,9.62,0.50,1.97,8.86,2.51
0.95,1.01,6.31,2.89,0.51,0.78,1.04,-0.12,-2.91,-0.04
-0.05,-0.62,-1.94,0.34,-0.85,7.72,1.81,1.02,-4.76,-0.14
0.88,0.75,-4.96,-0.13,1.00,4.32,0.56,1.68,12.05,3.03
0.27,-0.86,8.29,2.76,-0.12,0.25,1.50,2.34,5.83,2.18
0.41,-0.88,-0.67,2.54,1.58,-5.95,0.99,-0.90,0.20,0.15
1.03,0.79,-2.02,0.30,1.56,5.97,2.79,2.74,-0.33,0.92
0.73,0.78,0.10,0.43,0.26,9.89,2.49,0.83,-3.28,0.75
0.93,1.18,3.93,0.49,1.65,3.62,0.67,0.46,1.63,-0.85
-0.43,-1.81,-1.47,0.50,2.04,-4.94,1.64,0.91,-4.47,0.10
1.07,2.25,0.57,-0.52,4.50,6.21,0.93,0.53,1.27,3.32
0.38,0.87,-0.24,0.94,-0.99,8.09,2.13,1.49,10.58,2.93
2.94,5.44,1.34,0.08,1.20,4.14,0.55,-0.32,2.81,1.35
-0.15,-0.13,5.63,2.16,0.80,8.07,0.98,2.06,-6.51,-0.21
2.55,2.11,0.89,1.27,2.37,-4.11,1.46,1.75,0.86,1.02
-1.16,-1.77,-1.25,0.95,0.17,1.34,0.57,0.87,7.25,2.15
1.22,1.36,-2.48,0.41,1.34,-0.50,1.98,-0.51,0.30,1.17
3.24,1.53,2.30,1.19,0.12,-4.69,2.88,0.87,5.12,1.65
0.88,0.70,0.39,-1.15,3.56,-6.67,1.43,2.81,1.68,1.38
-1.91,-1.24,6.57,2.45,0.40,1.73,0.61,0.84,1.23,1.05
1.66,1.10,-0.74,0.94,-1.09,0.89,1.04,2.68,0.14,1.01
1.75,2.84,1.71,0.49,-0.47,-3.79,0.62,1.31,1.38,-0.63
1.82,2.47,1.26,0.05,-0.20,-4.09,0.61,1.65,-2.13,2.02
0.30,0.60,4.72,2.36,1.91,4.79,2.09,0.67,-0.17,0.75
0.68,2.89,-3.68,-0.06,1.66,2.73,1.92,2.30,7.47,2.38
1.99,3.84,1.34,1.67,1.73,-1.08,0.60,0.27,0.69,-1.44
1.97,2.67,0.13,0.23,1.59,6.65,-0.85,-3.69,2.38,0.42
0.38,1.38,-0.30,0.86,0.84,0.95,2.37,1.42,8.51,2.68
-0.26,-1.43,11.74,3.51,-0.75,8.72,0.36,1.10,4.09,1.61
1.17,1.39,-0.06,1.01,1.44,2.68,0.40,0.28,2.42,1.81
0.98,2.35,-0.04,1.15,1.52,7.29,2.30,5.19,2.33,1.62
0.10,0.88,1.34,1.20,0.82,14.38,1.89,0.67,-3.46,0.64
1.81,4.14,3.15,1.10,2.62,2.62,-0.21,-2.54,1.11,-0.37
2.28,2.04,4.12,1.98,1.57,-1.30,1.18,-0.69,-4.27,0.25
-0.45,-3.72,-0.49,1.09,-1.06,9.36,1.20,2.79,1.27,2.07
1.92,1.91,4.49,2.08,0.88,-4.49,0.79,1.36,-5.29,0.12
2.08,3.56,-4.23,-0.39,2.04,4.73,2.34,0.96,3.69,1.62
0.79,2.60,1.51,0.74,3.35,1.57,0.06,-1.13,0.89,-0.36
0.69,0.69,2.02,1.37,0.73,-5.50,0.47,1.47,7.19,2.26
2.36,5.24,0.01,0.28,2.71,-3.03,1.35,0.41,0.70,1.29
1.25,2.36,1.21,1.38,3.39,-0.93,1.69,3.03,0.33,0.94
1.19,0.75,5.30,2.01,-0.72,-0.37,3.13,0.71,5.47,2.17
-0.68,-4.58,-0.30,1.90,-1.16,4.51,1.19,2.21,1.21,1.96
2.17,2.88,-2.32,0.33,0.26,3.07,-0.71,0.60,3.50,1.82
-0.07,-1.64,4.10,1.63,3.50,-2.53,-0.24,1.88,-3.88,0.14
0.28,-2.45,0.99,0.01,1.36,-1.54,1.65,2.92,-0.15,0.77
1.76,2.53,1.76,2.35,1.68,-5.57,2.17,4.62,0.45,1.18
2.16,4.80,1.62,0.40,2.91,-5.24,1.51,2.06,0.06,1.84
-0.31,-3.13,1.05,1.57,0.36,4.99,2.00,4.75,1.42,0.23
1.25,1.50,1.78,0.46,0.83,-1.57,1.30,2.88,0.38,-0.25
1.42,2.66,0.47,-1.85,2.35,-1.55,3.10,7.28,-0.21,1.07
0.63,0.49,1.80,1.36,1.54,-0.02,1.03,1.89,-2.17,0.41
1.28,2.25,1.06,1.15,0.71,5.71,1.81,0.17,3.99,1.91
1.18,-0.86,2.21,3.85,-0.69,-2.69,1.61,1.68,-1.49,0.50
0.63,-2.03,0.72,0.71,-0.86,1.60,0.42,-0.42,-0.11,0.97
1.04,1.58,-2.68,0.25,0.30,-6.04,0.18,1.81,3.20,1.28
-0.82,-0.95,-0.87,0.87,0.62,4.40,1.14,1.39,-5.47,-0.20
1.21,4.18,1.29,2.09,4.16,3.25,1.93,4.30,1.23,1.42
-0.01,-1.88,0.62,1.83,0.40,3.76,0.04,-2.25,3.14,1.11
0.87,1.66,7.73,2.54,0.84,-3.32,1.72,3.74,-0.90,1.00
1.41,1.00,4.40,1.85,1.02,-10.79,2.39,2.02,-3.66,0.55
1.69,1.13,2.64,1.82,2.55,1.07,1.88,-0.35,6.30,1.83
1.02,-1.66,0.77,1.93,-1.09,-1.48,0.47,-1.37,-0.47,0.48
1.58,1.57,-8.25,-0.92,0.64,-5.20,1.77,1.40,-1.66,0.35
0.32,-1.62,-2.95,-0.11,-0.21,1.19,0.86,1.82,8.60,2.34
1.01,-0.29,-1.53,1.12,2.44,6.87,1.46,2.31,5.07,1.88
2.17,1.38,0.87,0.97,0.07,-3.16,0.76,0.42,-1.42,0.58
1.44,3.02,2.21,0.73,2.87,-2.54,0.55,0.10,0.65,1.11
0.22,-0.85,1.10,1.54,-1.10,6.51,1.04,0.30,1.51,2.26
0.84,0.35,1.47,0.48,1.34,4.58,-0.24,-4.32,2.63,1.86
0.72,0.86,-1.25,0.60,0.71,4.11,1.78,2.30,-1.59,0.64
-0.03,-1.81,-0.74,1.93,-0.30,7.75,2.47,5.62,3.55,1.22
0.06,-1.18,5.73,2.56,2.19,-8.69,2.63,1.95,10.05,2.85
0.81,-0.84,0.97,1.74,0.58,-6.10,0.65,0.23,-0.21,2.47
1.84,2.43,0.86,-0.09,-0.05,8.37,1.48,2.49,2.15,3.13
0.08,-0.65,0.66,1.96,0.65,12.20,0.56,0.97,2.56,0.50
-0.36,-0.33,5.86,2.06,1.11,14.48,1.83,1.70,4.58,1.70
-0.30,0.13,2.69,1.84,-0.06,-1.78,-1.06,1.24,2.32,1.32
-0.59,-1.97,-3.25,-0.08,0.80,11.82,0.14,1.05,3.72,1.70
0.17,0.22,1.31,1.79,1.25,11.24,-0.45,0.06,7.02,2.42
0.30,-0.95,2.26,1.67,0.93,6.03,0.78,1.10,2.30,1.43
-0.09,-0.52,1.66,1.27,1.24,7.47,0.73,0.95,-5.93,-0.13
0.27,-0.70,1.22,0.28,-0.43,8.90,2.52,5.44,5.21,3.46
1.37,2.73,0.02,1.85,1.52,1.94,1.79,2.55,1.25,1.53
2.90,1.90,-1.08,0.80,1.03,2.24,0.19,1.29,5.92,1.84
2.43,3.75,3.29,1.02,1.13,-13.00,2.33,0.78,-6.19,-0.57
2.17,2.65,4.03,2.28,1.35,2.85,1.29,1.57,2.17,1.44
0.91,0.22,-10.59,-1.59,0.98,3.04,1.62,3.00,5.06,1.80
0.99,1.77,0.74,0.98,1.49,-0.56,2.89,7.11,1.60,0.76
2.24,1.40,7.85,2.11,1.01,0.04,1.35,0.58,-0.28,0.83
1.77,1.97,1.41,1.07,2.49,5.59,1.24,1.27,8.05,2.47
1.07,0.12,-3.89,-0.41,1.65,-2.39,2.39,1.40,-7.65,-0.33
1.77,1.85,2.42,1.54,0.47,7.68,-0.16,-1.03,2.35,1.95
0.16,-0.66,1.30,0.36,1.28,4.54,-0.63,-3.83,3.05,1.50
1.35,0.59,1.37,1.11,1.30,6.73,1.58,2.33,3.92,0.48
1.30,0.27,1.74,1.09,-0.45,-1.47,-0.66,1.93,-7.40,-0.67
0.45,0.38,3.10,1.81,1.28,-8.19,1.35,1.24,2.94,1.38
1.44,3.55,-2.32,0.39,2.30,-5.52,2.10,0.52,4.18,1.71
1.02,-0.46,-7.35,-0.39,0.73,-0.08,1.48,3.50,5.55,2.32
1.69,0.69,0.02,1.11,1.67,-1.53,3.04,1.54,-5.47,0.16
1.41,2.61,2.76,1.10,2.24,-13.73,0.06,-2.39,-2.85,1.31
1.10,1.77,3.39,2.34,2.29,1.41,1.67,0.40,7.54,2.70
-0.22,-2.04,-1.78,0.04,0.76,-10.06,-0.35,-0.73,0.29,0.68
0.91,-0.54,0.81,-0.53,-1.38,-3.61,1.05,-0.01,0.91,0.20
2.16,2.01,-0.90,0.46,2.29,-0.79,-0.81,0.72,0.40,1.39
0.12,-2.43,0.72,0.15,-1.21,0.65,-1.12,-7.22,1.54,1.54
2.70,6.89,-0.92,-0.37,3.56,-6.86,0.74,0.27,-0.17,0.00
2.05,4.12,0.50,0.79,1.98,1.96,0.59,-0.81,0.87,0.17
1.08,1.56,1.56,2.00,2.36,-8.57,2.02,4.06,0.38,3.42
0.96,0.58,0.88,0.85,1.06,-1.25,0.41,0.58,1.63,-1.47
2.59,4.99,0.99,2.39,1.89,6.84,0.32,0.22,0.87,-0.50
1.61,2.88,6.29,2.52,2.44,-4.46,1.22,1.39,-4.85,-0.27
2.82,6.35,3.05,0.49,2.14,-3.21,0.47,-1.08,0.39,-0.93
1.82,3.33,2.15,1.58,2.05,3.67,1.10,0.97,0.61,1.31
1.86,2.54,-2.13,0.39,1.68,-7.10,-0.88,0.61,8.27,2.57
0.83,1.97,-0.65,0.34,4.19,1.63,-0.10,-1.82,1.42,0.68
1.29,1.95,0.93,1.96,0.23,1.84,-0.66,-2.74,-0.47,0.71
2.72,3.69,-1.79,0.82,1.87,1.99,3.00,3.22,4.28,2.10
-0.18,-0.33,3.87,1.77,0.41,4.30,1.27,1.87,-2.10,0.61
-0.00,-1.94,3.18,0.26,0.19,5.19,1.30,-0.45,1.49,0.01
-0.27,-1.85,0.89,-0.25,0.21,-7.13,1.40,1.98,-0.86,0.26
0.60,-0.96,2.35,1.59,0.51,2.97,0.79,-0.47,2.32,0.88
0.59,1.32,0.49,0.90,1.54,1.37,1.31,2.37,1.15,1.19
0.71,0.85,2.78,1.62,-0.34,9.53,1.75,0.45,1.94,1.08
0.07,-2.55,1.26,-0.83,-1.21,1.78,0.46,-1.79,0.04,0.27
0.61,0.22,1.84,0.36,-0.60,-11.06,1.40,3.02,-0.71,1.40
1.65,2.90,3.33,1.24,-2.13,-0.46,-0.87,0.63,-6.35,-0.21
1.16,2.16,0.25,-0.12,2.99,0.39,2.06,3.90,0.37,1.23
-0.30,-0.48,1.60,0.99,-2.31,-1.85,2.13,1.69,1.54,0.99
2.87,1.85,3.17,1.31,0.78,7.77,1.02,1.48,-2.28,0.36
1.66,3.06,0.92,0.15,1.59,-1.15,1.08,1.83,0.77,2.01
-0.50,-4.90,1.85,2.45,-1.32,-4.09,-0.30,-3.19,2.02,1.65
1.82,2.62,0.32,1.14,0.52,0.80,0.27,2.08,-2.43,0.50
1.81,3.95,1.18,1.87,1.67,8.86,-0.16,0.07,2.50,2.09
0.01,1.02,-4.23,-0.31,0.12,0.84,3.02,0.81,-5.43,0.03
0.20,2.30,8.51,2.95,1.13,0.64,1.14,-0.86,-4.17,0.22
0.91,1.13,-0.23,1.24,1.16,3.85,3.74,1.54,6.05,2.25
2.05,0.11,-3.00,0.28,0.96,-3.41,0.28,1.29,7.57,2.41
1.02,1.39,0.22,0.92,2.10,3.21,1.24,1.53,4.81,1.49
0.73,-0.29,-0.21,2.66,1.37,2.33,2.48,5.11,0.62,1.89
1.58,0.58,-0.50,1.15,1.79,-3.26,2.04,0.42,1.00,1.02
-1.31,-6.37,2.44,1.66,-2.91,-8.21,1.16,0.62,-1.66,1.63
1.74,2.33,0.72,0.76,1.16,-3.61,1.48,1.29,0.55,0.88
-0.04,-2.31,-0.34,-0.04,0.62,0.93,1.76,4.52,0.39,1.79
0.33,-1.21,1.33,-0.16,1.45,-2.10,2.07,3.64,-0.29,1.78
-0.08,-1.29,1.37,1.12,0.13,5.52,0.33,0.37,3.81,1.89
0.67,0.60,-3.05,0.11,0.60,4.52,0.49,2.10,1.48,1.25
0.21,-0.17,0.19,0.88,0.45,8.45,2.01,0.57,-1.43,0.64
1.35,0.96,1.18,2.11,-0.76,2.98,0.48,-2.08,-0.13,1.70
1.65,3.21,0.82,0.73,1.68,-6.41,1.62,2.71,-1.42,0.40
0.42,0.15,0.16,0.70,0.48,1.55,0.64,1.66,1.17,0.98
1.29,0.89,4.32,1.97,2.11,7.73,1.71,2.90,7.45,2.57
2.36,2.53,8.56,3.02,1.67,3.96,1.20,1.52,-4.98,0.19
1.43,1.73,1.59,0.65,1.15,3.14,0.15,1.21,3.28,1.43
0.46,-0.14,1.89,1.01,1.26,-0.37,0.15,1.34,-3.00,0.67
2.37,4.54,1.44,1.84,2.04,1.80,1.09,0.34,1.91,0.81
1.39,1.56,2.10,1.18,0.69,7.93,-0.82,-3.68,2.79,1.42
1.69,1.65,-0.06,1.17,2.14,1.59,0.83,1.32,2.88,1.20
0.28,-1.32,1.45,-0.20,1.16,2.12,1.75,3.43,0.47,1.17
0.99,1.47,2.01,1.69,-0.16,-3.03,-0.81,3.47,0.93,1.39
0.36,-1.20,0.44,0.93,1.65,1.28,-0.29,-2.60,-0.04,1.23
0.95,1.20,1.41,0.22,2.40,0.81,1.45,1.99,0.69,0.46
0.80,0.60,0.34,0.80,2.70,-3.91,2.09,3.96,0.79,1.44
1.47,1.90,-1.64,-0.08,-1.78,-14.91,1.84,-0.16,-6.01,-0.51
0.79,-0.06,0.91,-0.90,1.86,-1.71,1.11,2.36,-1.34,0.59
2.10,3.04,0.12,0.54,1.00,3.42,1.48,1.19,-1.11,0.75
-0.75,0.64,-8.13,-1.03,0.62,2.90,0.10,-0.01,0.18,1.01
0.94,1.00,-0.25,0.80,0.27,3.27,2.67,3.23,-0.70,0.84
2.50,2.03,2.39,1.44,2.14,3.26,2.55,0.09,7.17,2.26
-0.97,-4.89,2.09,0.09,-1.87,0.39,0.13,-0.45,0.13,1.69
-0.69,-2.58,0.37,0.73,0.79,-4.68,0.64,1.19,-2.52,0.22
0.78,1.76,1.74,1.39,1.37,-1.50,0.73,1.09,4.99,1.64
-0.83,-2.29,-4.51,-0.38,1.19,9.46,-0.30,3.63,-9.45,-0.85
0.51,-1.59,2.03,1.86,-0.40,0.19,0.21,-1.39,0.68,0.90
1.63,1.28,-2.00,1.00,1.06,-1.99,1.08,0.55,-3.71,-0.06
0.89,1.08,1.65,0.46,1.39,-5.25,1.20,0.77,0.16,-0.13
-0.66,-1.98,1.07,1.51,2.83,6.78,1.53,3.51,1.12,1.41
2.97,3.32,-0.21,0.80,0.56,-10.10,1.37,-0.44,7.10,2.08
1.15,1.88,8.56,2.88,0.92,-2.85,1.12,0.69,-7.60,-0.16
2.07,4.98,1.20,-1.49,2.61,-2.75,0.96,1.47,0.96,2.89
1.95,1.09,1.10,0.99,1.09,0.28,1.65,1.31,4.36,1.87
1.17,1.01,4.29,1.91,0.43,2.31,1.20,1.42,5.69,2.07
0.66,-2.26,0.35,2.49,-0.41,-6.45,1.23,2.54,-1.08,0.94
1.84,2.59,2.02,-0.19,1.19,-6.58,0.39,-0.72,0.49,0.88
0.37,-0.55,0.08,0.78,0.02,0.89,1.78,2.57,-2.21,0.50
2.28,5.07,2.56,0.74,2.53,5.89,-0.09,-3.67,3.03,0.42
3.50,5.03,1.45,1.13,0.24,-0.16,1.59,0.16,7.66,2.68
0.54,2.42,1.99,1.16,1.78,-1.99,4.11,0.27,-9.71,-0.96
1.03,2.46,9.02,2.67,0.92,-2.88,1.26,0.52,13.73,3.62
0.35,-0.82,1.08,2.07,1.55,-0.74,2.19,5.43,-0.12,1.58
0.90,2.59,0.18,0.86,3.83,5.15,0.40,0.21,2.42,0.63
-0.19,-1.40,-3.89,-0.53,1.78,0.09,-1.65,1.59,2.44,1.38
2.04,4.33,-0.08,-1.24,3.08,9.49,2.13,2.13,1.79,0.23
-0.43,-4.14,0.15,2.21,-0.87,-2.83,0.96,0.47,1.77,2.23
0.04,-2.47,1.48,2.50,-1.15,-5.22,0.72,0.05,-0.70,1.36
1.44,3.34,-0.27,0.59,3.77,-4.14,0.50,-0.15,-1.80,1.57
0.43,-0.01,3.31,1.38,0.25,5.35,3.10,0.49,-4.22,-0.02
1.66,1.01,0.94,2.04,-2.00,11.20,-0.45,-2.58,2.96,0.64
1.48,3.37,4.40,1.92,0.57,-4.18,1.50,1.43,-0.45,0.89
0.49,1.44,2.70,1.47,-0.88,-4.14,-0.17,0.58,2.81,1.60
1.67,4.04,2.55,0.22,2.07,-1.22,1.62,4.01,-0.60,1.25
1.86,2.23,1.47,1.59,0.96,5.01,1.44,2.07,0.85,-0.83
0.73,0.00,4.34,1.74,1.21,-3.08,1.66,1.53,-0.88,0.52
0.80,-0.49,1.69,0.13,-0.92,0.30,1.44,2.83,-0.65,1.55
-0.06,-1.70,-0.19,1.27,1.67,-7.81,1.07,1.66,-1.04,1.06
0.14,-0.34,1.65,-0.46,0.47,2.27,0.78,1.43,1.56,1.53
3.11,3.99,-1.15,0.36,-0.44,0.75,1.94,2.93,-4.07,0.25
-0.37,-4.04,1.94,-0.19,-0.79,4.09,0.94,0.57,-0.32,2.54
1.76,3.76,0.77,2.42,1.39,7.21,0.28,-0.25,4.66,1.31
1.42,4.13,1.16,1.27,2.54,-4.36,1.22,1.29,0.35,0.64
0.59,-1.83,0.20,0.91,1.03,0.05,1.32,2.17,0.50,-1.59
2.27,2.33,3.07,1.40,3.11,1.27,1.19,-0.16,-4.93,0.31
1.26,0.20,-3.95,0.23,1.21,7.81,0.40,0.66,5.97,1.94
1.74,1.05,-7.10,-0.44,-0.60,-3.46,1.23,-0.12,-2.33,0.51
0.71,0.99,4.47,1.87,0.23,-4.69,0.40,2.47,9.23,2.47
2.63,3.30,8.36,3.22,2.26,-0.98,1.78,0.54,4.88,1.49
0.68,1.47,-1.19,0.55,1.38,3.27,0.31,2.45,0.94,0.92
2.84,6.76,0.14,0.62,4.51,-1.55,-0.40,-3.22,2.02,2.05
1.54,3.69,3.74,1.86,2.10,0.02,2.09,1.75,2.76,1.53
1.08,0.74,1.99,1.81,0.12,1.74,1.91,1.27,4.99,1.71
-0.23,-1.12,0.63,0.60,1.12,-5.84,-0.83,-5.81,-0.83,2.13
1.61,2.47,0.33,1.03,2.05,4.22,-0.10,-2.90,1.95,-0.61
-0.62,-4.72,1.41,2.12,-1.10,-0.74,-0.86,-4.64,1.21,1.87
1.71,1.96,1.54,0.83,0.87,0.10,0.82,1.52,2.41,0.07
0.37,1.07,-1.32,0.56,0.81,4.60,1.93,0.93,-5.62,-0.56
1.54,1.27,3.12,1.62,1.46,2.99,-0.64,1.82,6.37,2.12
1.70,2.62,1.01,1.45,2.41,3.61,2.17,0.40,6.96,2.37
-0.24,0.57,-1.10,0.72,0.88,-3.19,1.22,2.37,0.78,1.03
-0.26,-2.70,1.50,0.44,-0.26,-0.38,1.61,3.02,-0.54,2.07
-0.17,-2.65,0.39,-0.69,0.58,3.61,0.23,0.00,0.61,0.31
1.58,1.96,4.58,2.25,-0.88,-5.84,2.09,0.52,0.95,1.09
1.53,3.02,1.78,1.40,0.83,3.63,-0.96,1.30,-0.58,0.58
2.30,0.07,-2.56,-0.10,0.63,3.58,1.08,-0.28,5.14,2.08
0.01,-1.07,0.39,-0.87,0.74,-4.35,1.54,2.74,0.14,1.81
1.37,-0.55,1.58,1.14,1.45,-1.67,1.53,1.27,-8.57,-0.74
-0.71,0.92,-3.49,-0.21,1.20,-0.74,0.19,1.53,1.23,1.16
0.60,-1.42,0.92,0.41,-0.64,-3.35,1.31,1.22,-0.73,1.16
-0.19,-1.86,0.49,1.78,0.96,10.38,1.73,3.98,3.19,1.22
0.69,-0.01,3.09,1.49,2.04,4.09,1.56,0.50,1.57,1.13
1.06,1.44,1.02,1.94,-0.60,3.84,0.88,2.42,2.00,0.80
1.35,1.82,-0.08,1.13,2.07,1.32,0.95,1.19,0.72,1.71
-0.95,-4.77,0.12,0.65,-3.01,2.95,1.96,2.12,0.48,1.30
2.21,3.42,-0.31,0.45,0.76,3.72,1.38,-0.61,0.89,1.17
2.15,5.79,-0.03,2.67,2.53,-7.86,1.27,2.92,0.10,1.29
-1.11,-7.97,1.76,-0.69,-2.84,-5.87,0.12,-2.05,-1.05,0.26
0.26,-1.00,-0.34,2.00,0.09,-1.67,1.07,-0.33,1.78,1.21
1.77,3.40,-7.19,-0.57,3.28,-7.92,0.76,1.95,3.53,1.36
3.37,8.42,0.68,1.60,3.62,3.79,0.15,-1.24,1.51,-0.24
1.49,2.24,-0.48,0.33,-0.07,-5.33,0.39,-1.28,0.69,1.19
-1.01,-0.40,-3.50,0.08,2.20,-0.64,1.03,-0.11,-1.44,0.73
0.38,0.88,1.89,1.54,-0.41,10.64,1.22,2.05,-0.66,0.60
-0.37,-3.08,0.71,1.64,0.14,-3.47,1.32,1.82,0.21,1.33
1.00,1.24,0.38,0.75,0.66,0.22,1.20,2.72,0.04,0.10
2.51,2.78,-2.48,0.25,1.30,-0.17,1.13,-0.90,-1.09,0.82
2.65,1.55,1.42,1.49,1.14,-1.47,-0.16,0.85,1.59,1.49
1.91,2.86,0.57,-0.25,1.16,0.39,1.24,1.92,2.09,0.79
3.01,6.81,-0.48,-0.03,2.17,-1.41,1.03,0.68,0.67,0.33
2.25,1.74,-4.20,-0.35,2.87,1.10,0.79,-1.20,-4.18,0.18
1.00,0.54,1.94,1.03,0.82,-3.56,1.06,1.19,-0.60,-0.15
3.14,2.54,3.25,1.50,0.43,-1.41,2.96,0.68,1.17,1.18
2.04,2.54,1.80,1.10,1.40,10.90,0.50,0.45,1.14,1.34
1.87,5.55,1.19,1.79,4.34,-1.82,0.33,-1.62,0.56,1.32
0.75,1.81,0.10,1.04,2.57,5.60,1.72,2.33,1.68,1.08
2.59,2.09,5.49,1.91,0.89,4.67,0.39,1.11,3.35,1.74
1.23,1.25,1.28,1.46,-1.35,4.93,1.05,-0.11,1.50,0.36
1.80,5.01,1.01,2.03,3.15,-3.41,-0.61,-4.40,1.48,0.42
0.10,-2.93,1.41,0.80,-0.61,6.82,0.93,0.43,3.95,1.76
1.89,1.97,4.07,1.79,2.84,-2.22,3.25,2.98,1.25,1.24
1.74,2.39,0.25,0.66,0.52,3.44,1.38,1.51,-11.53,-1.56
2.24,4.04,2.48,-0.32,1.43,-0.10,1.70,4.02,-0.23,-0.90
-0.03,-0.55,-1.15,0.62,0.67,6.66,0.66,0.82,2.28,1.47
1.16,2.42,-1.03,0.54,1.40,5.85,-0.06,2.37,-0.35,0.82
-0.84,-2.81,-1.02,0.73,1.11,-1.96,0.95,1.26,-5.05,0.14
2.12,6.43,1.48,-0.59,3.81,8.58,-0.11,-0.92,0.90,2.18
1.48,1.61,4.53,1.86,1.52,0.69,0.44,1.35,3.94,1.74
-0.85,-4.59,2.51,1.75,-0.52,1.91,1.50,2.11,1.65,1.42
0.90,-0.18,1.23,0.85,-0.63,9.08,1.04,1.38,1.74,1.61
1.03,1.59,-0.45,0.59,0.76,-4.46,2.32,2.10,0.92,0.92
0.98,-0.10,-3.10,-0.02,2.24,6.44,2.20,1.51,3.42,1.76
0.59,1.85,1.50,-0.24,1.13,-0.73,0.20,-3.07,1.52,0.71
0.63,0.40,0.41,1.04,0.62,0.63,0.81,0.93,3.09,1.30
0.90,2.94,-4.78,-0.15,1.79,2.43,1.38,1.67,6.80,2.39
1.61,2.05,0.69,1.41,2.32,0.74,1.17,1.28,0.65,0.43
2.39,4.42,0.14,1.30,2.77,-5.15,0.06,-1.90,-0.17,2.09
0.09,-0.71,0.85,0.96,1.66,0.61,1.48,0.69,3.49,1.34
-0.39,-4.06,-0.16,-0.61,-1.99,-0.48,0.56,0.06,-0.47,1.41
1.26,1.63,0.92,0.84,1.52,7.36,1.16,0.90,3.09,0.85
0.82,-0.01,2.66,-0.13,0.29,-2.09,0.24,-2.18,0.24,0.50
1.21,-1.51,-0.55,0.67,1.17,-9.21,1.96,2.96,-0.42,0.68
0.80,1.26,-3.10,0.16,1.33,1.45,1.58,1.68,-0.10,1.01
0.32,0.81,-0.94,0.57,0.25,5.01,1.82,-0.66,1.24,0.96
1.08,1.34,5.21,1.91,1.49,0.42,2.06,1.69,5.08,1.90
3.60,3.56,3.37,1.98,0.55,-5.61,1.48,1.72,2.68,1.47
1.79,3.48,2.42,1.61,1.96,-9.34,-0.20,-1.73,-2.20,1.51
0.75,0.33,1.64,3.44,-0.42,1.25,0.45,-1.83,1.86,1.32
0.87,1.66,1.83,0.59,1.79,3.84,1.84,2.27,1.89,1.86
1.87,2.08,5.86,2.30,1.14,-2.27,0.45,1.17,0.20,1.08
2.14,4.34,0.64,1.59,1.31,-0.17,0.42,-1.17,-0.08,1.11
0.31,-2.34,0.04,-0.52,-1.32,2.98,-0.85,-5.50,1.80,0.57
2.64,2.26,-3.33,-0.42,1.34,7.83,0.24,1.31,-0.30,1.10
-0.75,-5.22,-0.61,1.15,-2.18,0.21,0.67,-1.30,2.86,2.86
2.17,5.27,1.41,-0.01,3.09,8.78,0.70,0.45,3.56,1.38
2.01,2.13,-1.64,0.25,0.71,-1.33,1.60,0.84,-0.04,1.11
0.57,0.42,1.18,1.55,0.76,4.28,-0.57,0.50,-7.97,-0.40
0.42,0.60,-1.22,0.81,0.03,0.26,1.42,1.35,6.31,2.54
2.39,6.63,0.85,1.01,1.54,2.02,0.14,-2.32,2.54,-0.72
0.61,-1.03,2.27,-0.74,-1.51,-1.70,0.13,-2.32,-1.25,-0.21
0.08,-4.22,1.58,-0.20,-3.78,0.68,0.47,-0.67,1.21,0.47
0.93,0.24,1.45,0.05,1.00,5.07,0.58,1.41,1.82,1.01
0.22,0.74,0.07,0.72,1.65,-11.19,-0.10,1.50,12.15,3.03
0.76,0.31,2.63,1.24,-1.42,9.78,0.21,-1.45,3.83,-0.24
1.07,1.33,0.72,0.94,2.70,3.51,-0.06,-2.66,1.73,1.67
1.01,0.38,3.89,1.47,1.14,-6.08,1.51,1.43,-5.32,-0.07
0.52,-1.72,1.88,0.62,-0.99,1.19,0.51,0.48,-0.48,1.20
-0.21,-3.45,0.65,1.08,-1.30,-1.43,0.94,0.33,-0.23,0.27
1.51,4.03,-0.01,2.00,3.25,-1.65,3.28,8.33,0.75,0.11
1.01,1.63,0.92,0.27,1.67,-1.38,-0.51,-5.02,0.43,1.81
0.50,0.17,0.39,2.06,2.07,4.91,0.95,2.73,0.82,0.17
0.96,1.21,0.81,2.55,1.07,1.50,1.36,3.40,0.85,0.57
1.47,2.08,3.17,1.75,1.59,3.59,1.15,0.69,6.16,2.16
-0.32,-1.84,-0.15,2.75,-0.31,-1.48,0.75,0.04,0.02,0.07
2.09,6.01,1.75,1.02,1.91,10.73,-0.34,-2.13,2.99,1.08
1.28,1.65,0.96,0.66,-0.37,6.66,-0.10,-1.07,2.96,1.06
1.34,2.46,1.85,-1.56,1.81,1.36,0.67,0.07,2.25,0.70
1.46,1.31,2.80,1.61,2.00,8.45,1.85,-0.62,-6.36,-0.31
1.62,2.34,-2.57,0.20,2.15,-1.22,0.86,0.64,-2.26,0.80
1.73,2.15,1.03,0.50,-0.04,12.40,-0.19,-3.55,3.00,2.26
1.98,3.04,-3.41,-0.02,-0.07,1.50,-0.96,0.15,7.08,2.19
0.39,-0.35,3.16,1.38,1.44,-0.18,1.77,0.28,3.75,1.59
0.55,0.57,1.13,1.39,1.83,4.80,0.32,-1.14,2.88,0.10
1.37,2.62,1.63,1.41,2.34,0.23,1.43,2.66,1.41,0.80
0.50,-0.46,2.45,0.81,0.73,2.51,-0.58,-4.79,4.62,-0.76
1.04,0.59,1.42,1.26,0.49,0.48,1.34,0.10,10.52,2.90
0.94,1.22,0.92,0.33,2.41,5.38,0.98,1.22,2.15,1.15
1.70,0.83,3.43,1.24,0.53,-3.71,1.01,1.40,-3.07,0.20
-0.47,-2.16,5.09,2.26,0.15,-0.90,1.59,1.49,-1.12,0.63
1.10,0.09,1.15,1.67,1.34,1.09,1.22,2.22,0.91,2.51
0.38,1.07,2.68,1.54,1.28,7.16,1.33,0.78,-3.51,0.55
-0.43,1.34,-5.17,-0.11,0.13,2.87,1.59,-0.88,14.09,3.69
0.40,-0.25,0.10,0.74,2.05,6.91,0.67,0.75,1.78,2.12
0.88,0.51,0.52,1.64,1.58,-4.01,0.51,-0.21,-0.05,1.76
1.00,0.97,4.54,1.93,1.51,1.14,1.69,2.52,4.57,1.93
-0.02,-0.26,2.15,1.10,1.02,-3.23,0.96,0.95,8.35,2.76
0.87,0.25,-5.79,-0.18,1.06,1.89,0.58,0.56,0.70,1.04
1.52,2.33,2.76,1.24,2.03,7.58,0.53,-1.12,2.59,0.12
1.33,2.08,0.56,1.78,1.34,-5.62,0.72,-0.21,0.11,3.43
0.15,-1.39,2.32,2.03,0.97,2.33,1.01,0.46,1.35,0.26
0.87,-1.33,5.46,2.38,1.49,-1.75,0.99,0.70,-0.88,1.17
0.67,-0.81,1.44,2.37,0.49,-0.08,1.86,3.43,0.37,3.09
1.17,1.21,3.09,0.62,1.31,2.35,1.50,3.56,0.43,0.70
0.26,-0.95,-2.16,0.75,1.06,-4.33,0.96,2.38,4.26,1.47
1.03,1.58,1.05,0.39,1.62,3.73,1.13,2.85,1.14,1.42
1.92,1.39,1.15,1.02,0.06,-3.28,1.87,0.41,7.28,2.40
1.70,2.53,0.77,0.13,0.25,-7.86,0.96,2.50,-1.39,0.61
1.53,1.28,1.94,0.23,1.81,2.76,1.71,1.98,0.70,0.88
-0.39,-0.56,4.30,1.48,0.37,0.58,0.23,-0.43,-2.64,0.37
1.03,0.98,0.14,1.51,-0.83,5.79,1.60,1.03,1.68,0.62
2.78,7.23,1.42,0.46,4.21,-5.29,0.57,-0.14,-1.08,1.29
-0.36,0.60,3.08,1.77,1.25,1.99,1.96,0.61,3.91,1.91
2.63,3.29,2.87,1.48,3.75,6.16,3.79,1.48,3.33,1.56
0.81,1.00,0.05,0.24,1.73,1.28,-0.01,-1.97,1.07,0.78
0.42,0.40,-1.49,0.55,2.61,1.17,2.78,-0.35,-2.01,0.40
-0.68,-5.24,0.46,1.83,-3.66,-3.35,0.79,0.48,0.06,-0.24
-0.55,-2.06,0.83,1.15,1.18,9.41,0.71,0.21,3.05,2.17
2.89,6.91,2.42,0.13,2.34,4.14,0.99,-0.90,1.74,0.84
0.32,-2.03,1.42,0.79,-3.09,-0.09,1.55,2.98,2.53,0.54
1.39,2.47,3.79,1.67,0.58,7.00,1.56,2.15,3.70,1.70
-0.09,0.61,1.59,1.27,-0.85,8.88,1.32,1.75,1.72,1.10
1.45,1.35,-1.74,0.30,0.98,1.31,1.36,0.61,6.76,2.24
3.35,4.16,-6.17,-0.72,0.99,1.45,3.05,1.24,7.45,2.62
2.73,7.90,3.27,0.44,6.29,9.08,1.30,1.37,0.66,1.86
2.21,2.68,2.87,1.13,1.06,-1.31,0.60,1.27,-0.27,0.86
0.39,1.76,1.94,1.16,2.01,1.97,2.04,0.43,-7.48,-0.67
-0.80,-4.51,0.22,-0.68,0.38,2.40,1.26,2.46,0.17,2.77
2.89,4.95,2.04,0.83,2.49,-7.59,2.27,1.41,2.88,1.52
1.54,3.88,1.03,0.01,2.86,-2.91,1.09,1.23,0.98,1.60
2.85,2.67,-4.52,-0.38,1.80,0.96,0.89,1.74,3.76,1.81
0.98,-0.77,9.76,3.16,2.07,4.57,0.13,2.71,-4.65,-0.02
-0.75,-3.54,0.74,-0.20,1.17,6.27,1.78,3.46,2.70,2.04
0.13,0.97,5.88,2.24,0.67,3.50,1.37,3.19,12.75,3.33
0.19,-1.91,-1.25,1.86,-1.50,0.84,0.70,-1.38,1.48,0.01
1.85,5.14,2.55,1.16,2.49,-5.33,1.03,0.87,-0.34,0.25
-0.00,-0.70,2.92,1.54,1.63,3.58,2.27,0.33,5.33,1.99
0.45,0.25,2.74,1.46,1.16,5.46,0.48,0.85,-2.07,0.64
0.86,0.47,-0.94,0.41,0.77,8.37,1.52,0.77,10.20,2.92
0.93,2.16,5.77,1.78,0.38,3.85,1.56,0.70,-7.85,-0.69
1.67,3.24,0.57,0.66,2.85,3.93,2.27,5.05,0.90,2.64
2.19,1.20,-0.18,0.55,2.02,8.17,1.54,3.45,-5.49,-0.15
1.36,0.81,2.73,1.16,0.69,4.67,1.59,1.14,-3.80,0.30
2.86,5.80,-0.25,-0.44,1.35,1.24,-0.61,-3.62,1.40,0.10
1.23,1.71,0.85,1.80,1.58,10.82,1.10,3.01,4.14,1.20
1.01,0.15,3.44,1.59,-0.09,1.92,-0.41,-3.63,2.33,-0.13
2.89,1.40,3.09,2.03,1.54,12.29,0.45,0.29,1.43,1.04
0.43,-0.54,1.64,0.64,0.66,3.64,0.69,1.25,2.31,1.82
1.76,1.72,-2.43,-0.03,0.83,2.21,1.73,1.73,-6.49,-0.13
-0.13,-2.24,0.72,1.65,-1.07,-6.07,0.36,-1.76,0.58,-2.17
0.23,-1.89,-0.07,1.11,0.45,1.87,1.95,0.99,0.87,0.97
0.31,-0.53,-6.89,-0.29,1.68,-6.57,1.80,2.19,2.72,1.65
1.44,1.45,-5.96,-0.40,1.43,-6.07,1.86,3.44,-0.99,1.01
1.08,0.82,0.49,0.86,-0.74,6.94,2.02,1.71,2.26,1.65
0.00,-4.35,1.23,1.24,-1.96,-1.08,-0.14,-2.24,-0.53,-0.09
2.15,4.73,1.94,1.03,0.73,2.79,0.92,0.41,-0.33,0.92
0.63,0.89,-0.65,-0.62,2.10,3.79,0.27,-0.13,1.21,-0.27
-0.13,-1.89,-0.55,-0.06,0.52,-0.67,1.05,1.02,1.64,1.42
-0.59,-5.72,-0.62,0.49,-1.00,-4.45,1.07,-1.55,0.15,1.39
2.10,1.56,1.31,1.33,0.47,6.08,-0.19,0.66,0.39,1.15
0.94,1.14,1.17,0.15,1.47,-5.64,2.12,4.39,-1.12,1.31
1.45,1.91,-0.21,1.08,2.30,-4.13,1.03,0.07,0.62,1.31
1.20,0.90,2.92,-0.16,1.39,-3.20,2.63,6.33,0.58,1.11
-0.44,0.13,-4.19,0.23,-0.26,-3.52,3.12,3.37,1.75,1.37
3.28,3.94,-0.04,1.07,0.28,9.25,1.17,1.50,-4.40,-0.05
1.45,1.09,0.87,0.94,1.43,3.46,2.10,-0.68,3.73,1.42
1.84,2.71,0.53,0.51,3.11,2.05,0.42,-0.50,0.71,3.24
0.77,1.14,-1.86,-0.05,0.17,-0.40,-0.73,2.01,9.08,2.68
1.34,2.34,0.11,0.54,-0.47,-1.55,1.29,1.48,-1.04,0.84
2.66,4.18,2.11,1.92,-0.21,2.76,2.45,5.97,2.07,-1.59
0.51,0.00,-3.74,0.20,1.10,3.16,0.80,0.47,1.64,1.26
1.27,2.53,5.27,1.99,2.26,-0.86,-0.22,1.09,-1.60,0.91
0.53,0.32,0.59,1.31,1.52,-2.02,-0.48,-3.56,0.30,0.67
0.80,1.19,1.93,1.07,2.46,2.05,0.45,-1.12,1.25,0.96
0.52,-1.45,-4.00,-0.07,0.24,-10.41,1.54,0.56,-0.39,0.90
1.81,1.58,0.79,2.59,-1.01,1.44,1.71,2.64,0.90,-1.01
0.31,-1.59,-0.47,1.06,0.45,3.96,2.24,5.11,2.89,2.13
0.13,-1.92,2.95,1.42,0.29,-0.65,-0.27,-3.81,1.54,2.03
-1.16,-5.78,2.29,0.95,-0.96,4.15,-1.02,-5.53,1.04,1.25
2.17,3.86,0.45,1.66,1.40,1.51,0.98,2.24,1.95,-0.59
1.38,2.79,1.27,0.88,2.47,-4.84,0.30,-2.38,-0.98,0.35
1.28,1.37,1.28,1.36,0.18,9.05,0.46,-0.60,4.09,1.19
1.09,1.70,1.15,0.99,1.19,-8.90,0.78,1.73,9.80,2.65
0.29,0.66,0.24,0.02,2.40,-1.43,-0.08,-2.75,1.73,2.44
-0.10,0.73,-0.58,1.03,0.40,4.52,1.29,-0.04,0.30,1.09
0.57,-1.46,-1.48,1.07,1.73,-4.97,0.75,0.55,-7.60,-0.16
1.75,3.23,-0.60,2.49,0.91,3.15,1.85,5.30,1.39,1.58
2.20,2.30,1.79,1.28,1.45,-3.82,1.06,2.41,-7.58,-0.38
0.84,0.28,-2.95,0.10,1.28,-5.09,0.94,0.33,9.07,2.83
1.96,5.10,0.24,1.09,1.15,-0.24,1.19,1.84,1.11,-0.03
1.71,2.77,3.12,2.65,0.03,1.42,-0.20,-3.21,0.92,-1.39
0.64,0.34,7.34,2.17,0.28,-2.97,-0.13,2.16,-3.96,0.16
-0.31,0.31,3.36,1.43,0.89,9.89,3.15,-0.41,-2.92,0.54
1.19,2.49,-6.32,-0.86,0.90,-4.41,1.81,1.55,-4.10,0.06
0.24,0.99,-0.68,0.60,1.58,3.44,0.26,0.95,3.67,1.94
-0.54,-0.63,1.80,3.37,2.31,0.64,1.98,5.47,3.43,1.11
-0.16,-2.59,-0.09,3.09,-0.57,11.34,0.83,-0.67,3.05,0.80
0.71,1.58,3.55,1.66,3.28,2.61,0.49,0.83,4.37,1.51
1.63,3.58,0.06,2.09,3.36,-5.02,1.21,3.39,0.23,1.23
0.91,1.09,1.82,0.17,1.19,4.01,0.91,1.05,1.15,0.23
0.67,0.68,0.57,1.13,0.91,-0.54,0.98,0.35,6.13,2.13
3.75,3.11,1.83,1.42,1.59,1.35,1.81,1.94,8.08,2.75
1.72,2.75,-2.90,0.44,0.17,-2.23,3.00,2.62,2.66,1.59
1.84,4.78,0.50,1.49,2.79,-4.46,1.54,1.14,-1.12,2.31
2.13,4.07,0.23,-0.13,1.93,1.86,-0.07,-1.37,1.26,0.99
-1.03,-6.33,0.09,1.94,-1.91,-5.07,1.00,2.13,-0.07,1.21
-0.52,-2.83,0.57,1.06,0.72,-7.68,0.94,0.53,-0.42,0.72
1.15,0.12,-0.12,0.85,0.49,-2.78,0.43,0.51,-8.17,-0.81
-0.26,1.15,1.50,1.05,0.75,9.51,3.30,0.99,-1.66,0.46
2.27,5.81,0.39,1.30,2.59,-0.86,1.88,4.35,-0.95,0.56
1.36,0.68,-0.66,-0.61,0.36,-2.76,-0.38,-2.97,-1.69,2.33
0.53,1.35,7.00,2.42,0.44,-1.63,0.50,1.06,1.73,1.43
2.65,6.27,1.47,1.64,0.95,5.60,2.18,3.12,2.59,1.79
-0.39,-3.26,0.41,2.71,0.26,6.97,2.17,4.31,1.42,-0.70
0.99,2.14,-2.58,0.06,0.69,1.22,0.34,-0.06,2.41,1.18
0.16,2.12,1.45,1.27,0.76,-4.89,0.45,0.76,-3.72,0.43
2.06,4.26,1.39,1.77,3.44,0.64,2.20,3.47,0.86,2.06
0.88,0.35,6.43,2.57,1.73,-7.42,1.61,0.65,-9.97,-1.16
1.85,2.84,-0.24,0.85,-0.42,0.58,0.44,0.80,-7.39,-0.75
0.43,-0.04,-1.17,0.64,1.33,3.01,0.58,0.26,6.38,2.33
0.57,-0.66,1.75,2.23,-0.47,5.60,-0.10,-3.18,2.02,0.45
0.55,1.69,2.80,1.77,0.71,-0.11,1.02,0.68,0.00,1.07
0.62,0.46,1.15,1.51,2.71,-1.68,0.82,-0.86,-0.51,0.92
2.65,2.92,3.48,1.78,0.10,2.46,1.95,1.98,0.27,1.25
-0.07,1.46,5.47,2.34,3.00,8.11,1.48,1.60,5.59,2.05
0.68,0.49,0.24,1.79,0.81,-1.66,0.80,-0.12,0.34,1.42
1.87,5.24,3.55,1.22,4.49,2.41,1.24,2.98,1.61,2.83
-1.62,-8.06,0.17,0.71,-1.67,-2.89,0.92,1.05,1.60,-0.85
2.59,4.73,-0.11,1.52,0.92,-9.40,-0.70,-4.62,-0.49,0.99
1.04,0.34,4.43,2.09,0.83,-0.89,0.83,2.39,3.22,1.57
3.34,7.71,3.31,1.99,3.21,1.43,0.81,2.67,-0.57,2.43
0.30,-1.30,1.11,2.48,-1.09,9.52,0.22,-2.03,3.05,0.05
-1.23,-5.36,0.96,0.98,-1.16,0.70,1.84,5.57,-0.40,0.78
0.74,-0.10,1.15,1.45,-0.03,0.68,-0.52,-3.41,-0.93,2.31
1.17,1.37,0.99,1.02,1.22,-0.32,2.44,5.91,2.51,-0.46
1.50,1.62,4.39,1.61,1.63,2.37,0.19,0.17,0.11,1.25
1.27,1.65,0.67,1.38,0.39,5.30,-0.22,-3.38,2.19,3.01
2.43,1.89,-4.28,-0.14,3.45,-7.01,1.52,1.02,9.73,2.63
-0.90,-1.74,3.77,2.18,0.56,1.68,0.36,0.66,3.20,1.70
0.69,0.82,10.44,3.38,-0.86,-4.22,0.89,0.05,3.30,1.58
-1.00,0.72,2.90,1.75,2.29,-6.69,0.40,2.09,-6.85,-0.67
2.26,1.96,-1.85,0.72,1.02,-2.85,3.86,1.65,3.19,1.62
1.70,2.67,-0.81,1.54,3.04,7.04,1.52,5.02,1.56,-0.81
2.66,7.32,-0.19,2.06,2.63,0.20,-0.64,-3.20,0.77,3.60
0.64,0.72,-1.49,0.70,1.76,0.32,1.21,2.41,2.21,1.35
2.34,2.71,2.92,1.83,0.80,2.13,1.56,1.10,-1.31,0.63
0.32,-0.42,5.77,2.55,2.34,-7.16,1.86,-0.47,3.05,1.52
2.61,4.87,-4.83,-0.61,0.87,0.33,1.44,3.68,1.42,1.23
0.87,1.84,-6.11,-0.78,0.72,6.29,0.90,0.96,8.43,2.14
-0.12,-4.35,0.21,0.14,-2.89,-9.83,1.04,1.41,-1.01,1.80
2.13,3.62,1.81,0.75,1.41,-1.06,0.66,-0.76,2.41,2.28
1.91,2.85,3.27,1.44,0.01,4.92,1.56,1.32,-3.39,0.36
2.30,5.51,0.24,1.57,1.74,-7.01,0.50,0.54,-0.01,1.05
1.96,0.17,2.52,1.52,0.35,2.07,-0.03,-0.29,3.05,1.33
-0.31,-0.64,1.12,0.74,2.98,-3.62,0.46,-0.54,1.30,1.12
2.61,4.42,0.99,0.55,1.00,-4.93,0.45,-0.94,-1.32,-0.68
0.79,0.67,3.65,1.70,1.85,-0.47,0.55,0.78,2.19,1.63
-0.16,-3.65,0.20,1.09,-0.36,3.18,1.08,-0.70,2.36,3.10
0.66,-0.78,0.76,-0.14,0.36,6.81,2.35,3.82,2.72,1.67
2.65,5.38,1.51,0.96,1.42,2.33,0.81,0.86,2.13,1.57
1.52,1.79,0.37,0.99,-0.17,8.90,1.23,1.06,2.31,2.06
-0.19,-3.16,1.42,1.52,-1.95,-2.29,0.19,-2.66,-0.38,1.10
0.77,0.84,2.77,1.34,1.40,-1.74,2.84,5.58,0.03,2.19
-0.70,-1.17,2.44,1.37,1.83,-2.91,2.61,1.10,1.42,1.10
1.59,2.58,2.51,2.58,0.70,12.14,0.53,0.76,3.90,1.26
0.65,-0.87,0.07,0.51,0.17,0.61,2.71,5.88,0.08,0.44
2.01,3.94,1.01,1.86,-0.54,-1.43,-0.94,-4.61,-0.55,2.24
0.46,2.08,0.08,0.92,0.63,2.33,1.22,1.24,-3.13,0.38
0.48,0.36,0.23,1.39,1.60,10.16,1.61,2.67,0.61,1.29
0.69,1.15,0.36,0.83,-0.12,0.94,0.75,0.84,6.30,2.11
0.58,-0.06,1.15,1.22,0.80,-6.85,2.09,1.70,-5.11,-0.23
1.05,-0.19,2.19,-0.94,-2.82,3.13,2.80,7.81,3.08,0.92
1.67,1.96,-4.25,-0.22,0.49,3.70,2.05,2.14,1.54,0.98
0.99,0.84,4.07,1.70,-0.44,10.60,-0.08,1.95,4.07,1.81
0.79,0.03,-1.92,0.28,1.61,5.98,1.29,1.56,-0.20,1.09
0.71,-0.86,2.35,1.04,-0.75,4.68,1.00,1.78,3.76,1.66
2.28,2.43,5.59,2.02,3.33,4.44,2.42,1.92,-0.22,0.89
1.97,2.43,4.06,1.80,1.43,-4.76,0.58,0.62,2.38,1.48
0.09,-1.57,1.69,1.07,1.19,5.89,1.44,2.64,2.81,-0.26
0.45,0.12,4.58,2.51,1.22,0.80,2.05,2.19,2.29,1.51
-0.15,-3.32,-0.42,2.99,0.32,7.59,-0.09,-2.96,2.28,1.15
2.83,3.30,2.38,1.36,3.29,11.29,0.17,1.00,4.62,1.61
0.94,2.37,3.21,1.73,1.34,4.49,2.31,1.78,-2.62,0.47
0.92,1.73,-6.58,-0.80,0.25,-3.57,1.17,0.82,4.69,1.82
1.07,0.92,1.02,0.16,-0.59,5.20,0.63,-1.13,2.20,2.05
0.99,0.35,-0.67,0.67,0.51,-2.16,0.35,0.39,3.31,1.61
1.13,1.30,-2.90,-0.20,2.94,0.31,1.12,1.23,5.74,2.42
-1.15,-4.83,1.45,0.72,-1.71,-8.36,-1.01,-4.13,0.36,1.85
1.15,1.16,-0.42,0.98,1.09,4.93,1.58,0.20,-2.40,0.28
0.90,0.13,1.03,0.29,0.70,-1.54,2.18,2.88,-0.53,1.35
1.36,1.11,-1.41,0.94,0.66,-8.16,0.97,2.07,-5.78,-0.16
0.30,-1.51,1.09,0.25,0.37,0.19,0.63,-1.50,0.30,0.45
1.10,1.83,5.20,1.91,1.68,3.24,0.63,2.55,-0.38,0.68
1.27,1.81,2.33,1.23,2.18,-0.82,0.56,0.65,-6.94,-0.21
2.93,6.91,2.81,1.30,4.06,11.04,1.57,1.89,1.79,0.16
1.57,1.69,0.42,1.32,0.48,-6.16,1.84,3.89,-0.71,1.29
2.16,5.52,1.18,-0.58,2.74,-6.38,0.09,-0.53,0.48,1.76
1.68,3.77,1.72,2.19,3.67,0.75,2.20,4.01,1.56,1.04
1.91,4.73,0.22,1.88,1.90,9.42,1.96,4.66,1.31,1.26
-0.72,-5.09,0.22,0.61,-1.67,3.02,1.31,1.54,1.77,1.88
-0.74,0.07,-5.53,-0.22,1.95,5.61,1.48,-0.28,9.29,2.81
1.04,2.05,0.54,1.45,1.58,-5.79,0.44,-2.55,-0.22,0.22
2.92,2.70,-3.68,-0.18,1.82,-0.37,1.56,1.41,4.48,1.92
0.89,1.91,5.22,2.11,0.43,4.20,-0.95,0.04,0.17,0.95
-0.06,-2.39,1.17,0.45,0.29,2.69,-0.15,-2.71,1.04,0.06
3.29,6.22,1.66,2.48,1.59,0.31,1.02,1.87,-0.45,2.55
0.66,-1.37,-0.29,1.79,-0.13,8.55,0.51,-0.95,2.52,2.77
3.57,3.17,3.19,1.50,1.81,-10.51,3.72,1.02,4.30,1.73
1.91,1.39,1.20,1.02,0.60,1.44,0.07,-0.17,7.35,2.66
-0.87,-0.50,-6.20,-0.64,1.70,-1.64,1.35,-0.18,3.20,1.75
0.63,-1.10,0.03,0.78,-0.27,0.72,1.34,2.47,-0.08,3.22
1.87,1.89,1.83,1.56,1.75,-8.18,1.31,1.62,2.76,1.64
0.02,-1.06,2.11,2.38,1.20,-1.63,1.72,3.36,3.54,-2.41
1.03,1.59,2.41,0.19,0.96,-3.78,1.01,2.06,0.54,0.04
-0.16,-1.52,2.18,1.25,1.52,6.64,0.57,-1.32,3.16,1.38
1.70,1.94,2.67,0.99,0.54,8.69,2.96,8.03,1.13,1.80
2.00,3.92,-0.92,-0.18,1.05,6.06,0.92,2.74,1.26,2.21
0.23,1.12,-4.53,-0.31,0.97,11.05,1.74,1.48,0.97,1.26
0.96,1.81,6.26,2.27,1.94,2.10,2.09,1.16,7.65,2.23
-0.05,-1.91,0.63,1.20,0.71,0.62,0.52,0.44,0.27,2.46
1.30,3.27,0.58,1.85,1.75,5.11,1.02,1.25,2.70,1.01
1.20,-0.59,0.06,0.67,0.47,7.99,0.04,0.94,0.93,0.47
1.45,1.67,1.97,0.07,1.21,5.99,2.65,4.41,3.71,2.39
0.79,0.38,7.85,2.64,0.03,0.54,0.89,1.71,8.31,2.23
1.96,2.65,2.77,1.73,1.44,1.85,0.73,0.96,2.97,1.76
0.45,-0.09,4.51,1.73,1.19,-5.22,0.42,0.51,4.73,1.76
1.86,2.73,0.89,0.97,0.12,-1.73,1.44,1.91,-0.00,0.83
3.01,6.77,0.71,0.97,3.50,3.60,2.66,5.57,1.12,1.16
2.75,1.71,-0.45,0.25,1.37,-0.33,2.93,2.28,-3.77,-0.25
0.41,-0.65,0.40,0.79,-1.11,-2.68,1.60,3.17,1.49,0.28
1.06,1.62,4.86,2.28,0.38,16.87,1.53,1.35,2.86,1.41
1.35,1.71,9.73,3.10,1.27,4.36,3.43,0.02,5.44,2.11
-0.19,0.64,6.87,2.45,-0.62,4.34,1.91,0.18,-2.07,0.51
0.83,-0.63,0.52,2.03,-2.52,-0.00,0.24,0.02,-0.62,0.93
0.92,1.53,-2.03,0.26,1.13,7.86,1.70,1.15,-8.10,-0.60
1.25,1.90,0.22,1.10,-0.06,6.76,0.50,1.07,2.55,1.53
-0.88,-4.52,2.13,0.81,-1.04,-1.77,-0.36,-2.43,-1.94,0.70
0.08,0.99,2.55,1.14,1.09,2.25,0.56,1.12,1.75,1.09
1.62,2.19,-0.21,1.54,1.30,-3.22,0.26,-1.36,-0.61,2.06
0.62,1.61,1.34,0.73,2.34,-4.09,0.60,0.86,-5.90,-0.18
0.26,-0.32,-0.35,0.40,1.36,8.31,1.99,1.36,-1.41,0.76
0.89,1.13,-0.19,1.15,-0.68,-3.51,-0.29,0.36,2.74,1.33
0.41,-0.04,1.80,1.15,1.95,-1.52,-0.06,2.42,4.14,1.89
2.39,3.09,-1.23,2.33,-0.73,1.47,1.55,2.09,1.14,2.21
2.47,2.01,-7.19,-1.15,2.49,-1.00,0.51,1.99,-2.97,0.64
0.00,-2.80,0.35,0.71,-0.92,-1.90,0.43,-1.22,0.05,1.45
3.08,6.32,-0.77,-0.34,1.73,-3.30,3.22,7.42,0.82,0.96
1.46,-0.20,2.60,1.03,3.08,-5.23,2.00,0.49,-4.20,0.22
1.01,0.04,1.40,0.67,0.79,15.99,0.35,-1.43,2.38,1.08
1.19,0.92,0.66,-0.07,2.82,1.93,0.24,-1.61,0.90,0.53
0.33,0.40,0.92,0.95,1.21,-10.89,2.22,3.70,-1.96,-0.17
0.99,1.45,0.74,3.17,2.83,7.79,0.84,-0.41,3.70,-0.15
2.37,1.01,9.09,3.18,-1.41,5.23,2.13,1.35,0.72,1.07
1.66,1.93,4.46,2.02,1.11,2.48,0.47,0.22,1.86,1.18
-0.11,-1.52,-0.80,0.45,1.78,4.38,1.87,1.80,-4.81,-0.09
1.32,1.70,0.75,0.93,1.04,6.50,2.80,5.82,3.16,1.63
3.15,4.43,-5.99,-0.36,0.32,2.99,2.54,0.94,5.70,1.95
0.82,1.51,12.25,3.92,2.22,1.24,0.07,0.28,-3.04,0.39
1.07,1.84,-1.71,3.22,0.29,-1.06,0.39,-0.65,1.08,0.47
1.24,1.83,1.01,2.08,1.33,3.83,2.39,5.40,0.87,1.19
1.92,0.98,-10.34,-2.05,2.56,-8.11,1.97,1.15,5.31,1.75
0.81,-0.97,2.40,1.31,0.08,10.16,4.11,9.61,2.79,1.37
0.04,-0.33,-4.82,-0.25,1.01,4.35,1.50,1.40,-4.66,-0.05
1.27,0.92,-4.43,-0.08,-0.51,-1.15,0.82,0.06,-5.97,-0.37
1.27,1.13,1.15,0.21,0.59,-5.54,0.47,-2.58,-0.15,2.91
1.46,2.69,5.36,1.74,1.12,-0.46,-1.26,-0.16,0.29,0.95
0.52,1.30,6.35,2.21,-0.87,1.63,1.14,0.86,6.55,1.98
1.40,2.97,-1.08,0.30,0.70,-13.10,1.12,0.21,-2.75,0.47
1.56,1.51,1.85,1.18,3.09,-5.53,1.12,0.80,2.10,1.79
1.07,2.79,4.50,1.97,1.80,5.11,1.79,0.38,4.04,1.92
-0.19,-0.58,-0.43,0.98,2.64,4.62,0.29,1.64,6.04,2.10
1.14,0.06,2.30,1.16,0.78,5.73,1.74,-0.43,-3.59,-0.01
-0.44,-2.65,0.46,0.54,-1.37,3.86,1.87,2.61,2.31,1.59
0.62,0.76,0.94,0.52,1.21,-0.63,1.06,-1.35,-1.15,0.94
1.43,2.04,-1.90,0.74,3.30,-7.02,1.35,2.03,3.85,1.98
-0.83,-0.08,-3.79,0.04,0.45,9.92,0.41,-1.08,0.78,0.76
0.48,-1.37,-0.19,-0.28,2.68,5.62,1.36,1.89,1.70,0.75
1.47,2.47,-3.67,-0.03,1.96,3.95,1.62,1.17,0.67,1.33
-2.56,-10.03,0.85,0.87,-3.94,7.29,0.18,0.03,2.38,1.63
2.61,7.47,2.21,0.57,6.73,-2.48,1.12,0.99,0.67,1.20
3.59,9.80,-0.82,0.85,4.14,-2.27,1.85,2.96,-0.28,-0.70
2.46,2.98,10.88,3.39,1.56,1.72,1.98,0.11,-0.78,1.04
1.05,1.02,-0.14,2.23,1.98,-9.21,0.76,-0.60,-1.87,-0.27
1.56,0.33,3.44,1.55,0.40,-1.10,2.18,1.22,-1.20,0.72
1.17,0.78,0.42,2.24,-1.85,7.64,1.36,3.09,2.39,2.31
0.42,-0.05,0.93,0.57,0.00,2.30,-0.47,0.86,11.34,2.96
2.35,5.78,2.66,0.78,3.56,-1.45,-0.19,-2.36,0.55,1.08
0.89,0.98,1.28,1.43,2.08,0.48,-0.42,0.16,-1.65,0.41
1.30,2.18,0.72,1.10,1.28,-3.04,1.45,1.74,-10.25,-0.99
-0.46,-3.05,1.88,1.16,1.31,-0.07,0.36,-2.63,3.31,2.11
1.24,1.24,-4.26,-0.09,0.69,2.43,0.89,1.10,9.77,2.65
0.40,1.85,3.50,2.03,1.11,2.63,2.30,0.18,1.56,1.34
1.39,2.40,1.95,1.56,3.14,1.83,2.45,1.31,-0.67,0.80
-0.87,-6.23,1.16,2.25,-1.13,3.83,0.82,1.67,2.80,1.46
0.58,0.70,-0.05,3.25,0.60,5.56,0.27,1.60,3.41,0.33
1.95,3.65,1.61,1.55,2.43,-11.27,1.47,-0.54,-0.08,1.72
0.81,-0.69,-4.20,0.25,0.80,8.96,2.34,1.93,22.25,5.72
1.48,1.93,2.49,1.43,0.07,-2.47,1.99,1.45,4.10,1.89
0.44,0.22,1.52,0.48,0.70,2.43,0.61,-0.53,0.05,0.30
1.35,1.01,1.00,1.88,1.47,6.95,1.34,2.96,2.73,2.92
0.80,2.53,4.48,1.60,1.02,10.69,1.69,0.80,1.00,1.16
-0.70,-4.33,-0.42,0.43,-1.26,-7.68,2.46,5.01,-0.74,0.95
1.77,2.80,1.99,1.22,0.89,2.08,-0.50,0.87,8.93,2.99
1.81,4.99,0.56,1.96,3.18,-4.76,1.24,1.89,-0.51,0.49
2.49,2.00,2.99,1.29,0.94,13.02,1.89,2.85,7.15,2.50
1.20,2.29,0.64,0.83,3.21,0.20,0.37,-0.76,0.66,2.68
-0.70,-3.27,2.23,0.64,0.46,2.47,1.20,2.77,-0.22,1.15
-1.04,-0.72,4.62,2.10,1.48,-0.29,0.82,0.03,2.33,1.25
2.69,7.74,0.69,1.91,4.77,-2.47,1.88,3.07,-0.03,-0.35
3.72,4.54,0.52,0.69,2.01,8.57,2.31,2.59,-0.34,0.85
2.44,7.36,1.89,-0.71,3.13,1.31,1.17,2.39,0.09,1.25
0.51,-1.07,1.38,0.96,-0.52,2.62,-0.03,-2.29,2.70,0.70
0.68,1.62,1.03,1.09,0.72,-4.50,3.64,7.32,1.13,0.86
-0.43,-4.27,1.14,1.06,-3.34,-3.77,2.34,3.37,-0.25,1.02
0.92,0.63,5.53,2.30,1.52,1.92,0.10,2.09,4.78,2.01
-0.96,-1.87,0.23,1.05,2.30,-1.83,0.29,2.68,1.72,1.00
2.66,3.49,-3.45,-0.11,-0.68,3.24,0.23,2.63,-7.80,-0.88
3.87,4.61,4.82,1.65,0.19,4.08,1.44,0.89,0.52,0.75
-0.04,-0.91,1.48,1.31,1.04,7.61,-1.05,-5.66,2.35,1.17
0.33,-1.06,2.89,1.51,1.40,-3.94,-0.28,-3.27,-0.50,0.98
-0.49,-2.08,0.37,-0.32,0.48,-3.48,1.17,0.28,0.52,1.20
0.73,1.58,-1.71,0.40,2.43,1.19,1.48,2.25,-0.54,0.93
1.17,1.51,1.13,0.44,1.96,-7.71,1.57,2.10,-0.56,-0.00
0.24,-3.32,-0.77,1.59,-1.12,-2.58,0.07,-2.11,-0.74,3.18
0.41,0.80,2.26,1.31,3.14,-6.06,0.33,-1.98,0.28,2.18
0.04,-1.36,-0.29,1.41,-0.08,15.43,0.88,1.09,4.14,1.42
2.16,5.30,2.39,0.86,2.80,-5.08,1.21,1.09,-0.67,0.96
-0.12,-1.26,0.22,0.26,0.25,9.13,0.11,-0.93,2.68,1.30
0.89,0.89,0.63,1.00,0.99,-1.18,1.30,1.73,-4.76,0.12
0.65,1.57,1.54,0.84,0.89,-7.27,0.86,0.26,2.74,1.32
0.46,-1.10,0.15,2.06,-0.83,-0.37,-0.44,-3.73,0.00,0.96
1.99,0.98,0.24,0.50,0.08,3.76,2.22,0.67,4.62,1.88
0.14,-0.43,1.79,3.02,1.53,-3.30,0.92,0.97,2.27,0.84
0.47,1.18,8.20,2.89,2.17,0.57,0.50,1.60,1.00,0.99
2.44,2.48,2.91,1.83,1.56,1.98,2.85,1.06,1.00,1.52
0.56,0.10,-1.54,0.79,-0.51,7.88,3.23,0.70,4.27,1.54
1.94,1.91,-4.81,-0.56,-0.35,4.33,0.51,1.02,-1.18,0.99
1.80,2.54,1.23,-0.04,0.04,1.22,2.14,4.35,-0.36,0.98
1.34,0.80,0.83,1.28,2.12,-6.82,1.43,0.85,0.34,1.09
1.83,1.39,3.30,2.25,0.37,9.86,1.53,2.43,-4.43,-0.18
0.89,-0.13,1.52,1.11,1.10,2.01,1.28,0.72,7.40,2.24
1.39,0.59,0.01,1.08,1.70,4.07,2.28,2.18,7.00,2.42
1.48,2.03,0.58,2.67,0.82,2.06,2.49,5.08,1.67,0.52
-0.64,-3.63,1.19,0.97,-0.13,4.24,0.08,-0.87,-0.40,2.23
-1.70,-7.14,1.41,-0.98,-2.00,2.21,2.04,1.85,-0.88,0.85
1.23,1.85,1.56,1.18,2.46,-7.37,0.56,1.25,-8.56,-0.60
2.94,3.49,2.06,1.27,0.57,-9.53,0.98,0.53,1.09,1.20
0.07,0.92,4.11,1.97,2.79,-0.17,0.89,1.73,4.20,2.07
2.46,4.98,0.28,-0.42,2.13,-5.96,0.85,-0.63,-1.81,2.01
1.44,2.76,2.25,1.18,0.55,-2.89,0.52,-1.53,2.00,1.15
0.55,0.84,6.99,2.42,0.72,8.95,0.32,2.03,2.67,1.56
0.50,-0.38,0.83,2.85,1.51,11.73,2.41,5.48,2.76,0.56
0.59,3.41,1.44,1.05,1.96,3.17,0.83,2.19,6.29,2.39
1.02,0.22,0.69,2.83,-0.85,-4.56,0.49,-0.13,0.87,1.39
0.01,-0.01,6.77,2.54,-0.37,-4.68,0.75,0.23,-0.84,0.77
2.28,3.40,4.23,2.14,2.16,0.72,1.67,3.14,2.49,1.02
-0.94,-3.33,1.80,1.16,1.50,-3.97,0.59,-1.63,0.45,1.68
-1.37,0.01,-0.26,0.88,1.41,-1.27,1.97,0.51,10.43,2.83
3.15,6.25,0.65,1.77,2.53,5.28,1.24,1.43,1.26,1.21
0.74,0.41,1.87,1.57,2.30,2.55,2.04,6.21,1.15,0.00
2.65,4.85,0.16,0.96,2.68,-2.36,-0.81,-4.61,1.36,0.44
0.88,0.44,0.47,1.24,1.90,1.60,1.26,1.79,0.40,1.31
1.02,0.91,1.23,0.89,0.42,-3.25,2.39,0.95,0.22,1.08
1.85,1.94,-2.75,0.11,0.02,1.82,0.64,0.14,-3.67,0.32
1.72,1.87,1.71,1.46,1.72,-3.95,1.23,-0.52,-4.56,0.20
0.12,0.73,-3.70,0.09,0.95,0.98,1.92,1.15,5.44,2.01
3.11,8.04,1.72,-1.40,3.77,-3.39,0.52,-1.48,-1.84,0.79
0.95,0.62,0.12,0.41,0.48,-0.51,0.67,-1.33,0.78,0.78
0.65,0.43,-1.20,0.84,1.10,7.77,2.11,4.59,0.98,2.17
-0.17,-0.85,-3.48,-0.16,0.21,-1.70,1.42,2.63,-4.42,0.15
1.57,0.57,-0.82,0.47,-0.59,-2.74,0.56,0.70,-0.25,0.87
1.94,1.42,2.12,-0.17,-2.87,4.94,-0.63,-4.79,1.74,-0.01
-0.05,-0.73,-1.52,0.41,2.08,5.50,1.21,2.06,10.47,3.20
-0.29,-2.09,-1.40,0.50,0.68,-1.56,1.63,1.78,4.59,1.87
1.77,2.59,-3.17,0.34,1.82,-5.66,1.63,-0.54,-7.54,-0.48
2.57,3.32,-0.15,0.86,-0.61,-3.08,-0.01,0.47,1.41,1.19
2.36,2.99,2.06,1.92,0.11,-2.51,1.60,2.37,0.45,1.51
1.66,2.76,2.11,0.16,0.16,9.00,1.41,1.92,1.64,-0.23
1.73,0.47,-1.20,0.35,-0.17,-1.43,0.40,2.10,3.46,1.57
0.06,-1.45,2.41,-1.20,-0.18,1.84,-0.71,-2.21,1.96,0.66
1.73,2.50,-6.65,-0.99,1.36,-5.05,1.78,2.69,0.31,1.23
1.12,2.31,2.69,0.76,2.14,-0.49,1.19,1.27,1.52,2.14
2.16,7.20,0.17,0.81,5.17,7.73,-0.47,-3.59,2.51,1.65
0.19,-1.28,1.14,0.53,0.40,8.47,1.47,2.82,2.90,0.05
1.01,2.38,0.99,1.57,2.79,8.11,0.71,1.11,1.78,0.01
0.64,0.19,-5.25,-0.07,-0.05,4.66,2.08,1.58,-0.38,0.72
0.87,0.54,-1.18,0.64,2.80,-2.19,1.12,0.45,0.65,0.83
0.98,-0.01,-0.61,0.85,1.89,4.51,3.18,0.57,3.89,1.89
1.46,2.62,1.27,0.44,0.90,4.99,0.21,-2.36,0.71,-0.17
0.94,0.39,5.64,2.19,1.46,12.84,1.99,1.11,2.05,1.44
0.50,2.28,1.52,0.95,-0.75,2.21,0.90,0.93,11.82,3.15
1.63,1.36,8.81,3.08,1.18,-0.91,2.07,1.46,8.15,2.62
2.14,1.57,-2.67,0.26,1.49,3.73,2.53,2.22,9.47,2.68
0.09,-0.95,-3.38,0.05,1.62,-1.48,1.63,0.85,11.39,3.16
2.40,2.71,-2.80,0.63,1.10,0.35,0.35,1.75,-3.31,0.37
0.01,-2.61,3.55,0.56,-1.54,-2.85,2.17,5.28,0.33,-0.18
2.10,6.04,1.72,0.73,2.63,-4.77,1.44,3.66,-1.70,0.31
2.06,3.84,0.21,2.50,2.65,-6.93,0.46,-0.11,0.14,0.60
0.23,-1.58,-0.01,0.76,1.75,-2.83,2.47,1.29,-3.26,0.32
1.29,0.41,0.32,0.76,0.32,-1.51,1.15,1.46,-0.25,0.90
2.04,4.16,1.80,0.24,1.52,6.70,0.26,-1.09,-0.17,0.91
0.31,0.07,3.73,1.66,1.01,2.65,1.60,0.31,-1.32,0.75
1.40,2.50,1.72,1.73,0.06,0.23,1.11,1.80,0.55,0.29
1.76,3.03,-4.48,-0.27,0.94,4.54,0.74,0.48,0.48,0.93
1.13,1.61,3.94,1.65,1.33,-7.59,1.33,1.21,-2.97,0.13
0.55,0.94,-0.35,0.96,1.18,-8.99,2.07,0.82,1.26,1.28
0.52,0.55,-8.13,-1.18,0.67,1.09,-0.22,0.74,-5.22,-0.07
0.98,1.13,9.40,2.86,1.54,2.61,0.64,1.87,-3.83,0.24
1.01,1.25,1.36,0.45,1.93,-2.54,0.95,0.26,-0.72,1.71
-0.34,-5.15,-0.18,2.27,-2.59,-6.56,1.02,-0.35,-1.27,1.73
0.15,-0.60,1.59,1.62,2.39,4.81,1.06,1.87,1.58,1.97
0.98,1.32,-2.97,-0.17,1.98,-6.50,0.65,0.99,-4.27,-0.11
2.25,5.10,-0.41,1.15,2.25,3.38,3.07,6.11,1.24,1.61
0.62,-1.30,2.18,-0.81,-0.13,6.59,1.71,3.59,1.03,0.09
1.61,1.52,0.92,-0.14,0.25,5.20,0.98,1.19,1.68,1.83
2.71,6.54,-0.26,-0.44,4.23,-1.33,1.54,1.95,0.23,1.57
0.21,-0.44,0.64,0.23,0.36,-3.04,0.51,-1.43,-0.52,-0.09
0.80,-2.41,1.24,2.78,-0.77,5.43,1.58,3.77,1.74,1.19
-1.23,-0.55,2.69,1.87,-0.80,-4.01,0.97,1.67,-4.55,0.38
1.20,0.97,2.39,1.23,2.87,-7.30,0.45,0.82,-10.24,-0.72
-0.34,-0.26,-3.37,0.03,1.88,-2.49,4.04,1.42,4.62,1.98
2.64,2.06,-3.03,-0.10,2.03,-3.24,1.02,1.08,-4.64,0.21
0.64,0.76,4.55,2.00,3.45,4.65,0.48,0.64,5.66,2.26
1.52,4.00,0.75,1.17,3.36,1.93,1.51,3.09,3.21,2.28
1.15,1.23,0.51,0.35,1.16,-6.39,1.54,2.02,0.04,1.25
1.00,-0.03,-3.19,0.21,1.60,-4.91,1.63,0.91,-4.00,0.67
2.17,1.02,3.06,1.24,0.43,-2.63,3.70,0.05,4.70,1.84
0.64,-0.82,2.10,1.15,-1.39,11.72,0.18,-1.18,5.30,2.48
-0.94,-3.19,-0.43,2.53,1.09,-0.28,1.19,3.43,0.88,0.22
1.62,2.29,-4.91,-0.41,1.87,-5.32,0.34,-0.94,-0.18,1.03
1.30,2.09,1.52,1.72,3.05,-1.98,1.18,3.58,-0.37,1.52
2.18,6.25,2.47,1.10,2.83,-2.24,2.42,4.52,-0.93,0.75
2.10,1.76,1.42,0.88,1.45,-3.06,0.86,0.53,-0.68,0.98
-0.54,-4.84,0.52,0.94,0.32,2.82,1.18,-0.32,0.72,0.43
1.35,2.29,0.76,0.17,3.34,-6.77,0.85,1.60,0.57,0.06
0.83,-0.64,-0.55,0.40,0.47,4.59,1.62,1.44,-4.11,0.14
2.18,1.35,3.12,1.38,1.96,3.82,1.68,2.49,5.09,2.10
-0.61,-3.79,2.19,1.60,-0.21,4.71,1.99,4.07,2.90,2.16
-0.65,-4.13,-0.51,1.53,-1.58,0.57,0.96,0.30,1.55,2.34
0.81,-0.72,1.57,1.39,-0.78,3.51,0.55,-2.02,-0.10,-0.64
0.37,-0.18,-0.53,1.73,0.30,7.96,0.31,-2.59,0.66,0.96
0.89,2.25,1.46,1.30,1.50,1.82,1.06,0.18,1.36,1.29
1.57,3.55,3.14,1.89,2.18,-5.01,1.89,0.68,3.61,1.62
0.64,0.07,-1.39,0.35,1.81,1.39,-0.00,1.41,4.43,1.61
2.30,0.79,5.79,1.58,0.09,0.90,0.38,2.84,0.42,1.14
-0.22,-2.05,-1.28,-0.29,1.27,3.17,3.54,9.49,3.03,1.61
2.06,2.13,9.32,2.95,1.15,-8.88,1.66,3.42,-2.85,0.57
1.37,1.38,-0.33,3.24,0.11,-0.65,0.48,-0.92,0.85,0.88
-0.52,-3.72,0.82,0.34,-0.88,2.63,1.47,3.26,1.52,1.59
3.07,2.71,-2.08,0.68,0.23,2.20,0.17,1.40,-6.05,0.03
0.32,-2.38,0.96,1.75,-1.72,0.24,0.76,-0.28,1.16,0.03
0.67,-0.21,2.67,0.76,0.25,-8.38,1.24,0.99,0.20,1.56
1.99,2.12,-1.03,0.49,2.02,5.96,2.23,0.68,-4.81,-0.04
0.99,1.27,1.43,0.36,1.62,3.47,0.47,-0.95,1.75,0.13
1.28,-0.27,3.37,1.50,1.36,-4.08,2.31,0.47,8.73,2.73
1.41,3.48,2.48,-0.47,4.71,4.22,-1.73,-8.48,2.54,1.25
2.59,2.29,4.76,1.73,0.68,-5.26,1.11,1.39,3.91,1.99
2.31,1.20,3.40,1.91,0.77,6.51,1.39,2.13,-0.90,0.85
-0.92,-6.26,2.61,0.90,-2.75,2.69,2.16,4.40,2.03,0.78
2.19,4.71,2.15,3.40,1.35,6.04,1.63,3.94,3.22,0.90
-0.81,-0.96,-2.90,0.17,2.65,-0.69,1.57,0.18,6.41,2.22
0.19,-0.32,1.74,-0.61,1.97,-1.82,0.55,-1.25,0.55,1.79
1.64,2.32,-4.95,-0.58,1.69,-7.45,0.89,1.96,2.60,1.27
-0.26,-0.56,-1.82,0.39,0.78,-3.29,0.37,2.09,-1.81,0.45
-1.31,-4.67,1.22,1.57,0.33,0.27,0.09,-1.52,1.40,1.76
0.03,-2.39,0.36,0.50,-0.97,-3.55,1.88,3.32,0.62,0.25
2.64,5.86,2.98,0.19,3.95,-4.60,0.78,-0.45,-2.46,1.47
1.01,0.59,0.73,0.44,0.14,8.29,0.61,0.24,2.69,1.75
1.51,1.96,-0.51,1.69,-0.14,8.17,0.70,-1.06,1.95,1.11
1.97,1.23,2.16,1.60,1.65,-8.94,1.87,2.25,2.79,1.30
3.50,3.56,0.66,1.16,1.46,2.74,0.68,0.02,1.09,1.22
2.23,4.67,0.94,0.75,2.26,-2.50,0.21,-0.04,-0.22,0.29
1.68,2.09,3.19,1.44,2.15,7.26,0.38,0.93,-8.58,-0.59
2.38,5.08,0.64,0.37,0.62,-0.43,1.77,2.04,-0.49,1.88
0.79,-0.24,0.98,0.91,-0.08,6.71,2.69,6.42,3.61,1.76
0.06,-0.84,-1.00,0.55,1.05,1.21,2.28,1.62,10.48,3.00
-0.21,-0.48,4.01,1.56,0.41,-3.18,1.17,-0.07,-1.23,0.78
1.03,0.79,-0.38,0.72,0.71,-4.88,1.92,1.56,8.88,2.80
0.75,-2.23,0.79,-0.05,-2.49,3.81,-0.36,-3.69,0.85,0.74
0.55,0.77,-1.91,0.11,2.72,8.57,0.24,1.76,-4.58,0.30
2.51,5.06,2.09,4.27,0.95,6.37,1.67,2.57,1.70,0.10
0.57,0.06,0.77,0.87,0.52,3.04,-0.19,0.60,-2.98,0.35
0.32,0.23,3.81,1.88,1.31,-6.62,1.16,1.29,-0.44,0.91
0.29,-1.10,0.45,0.30,0.97,0.45,0.73,-0.74,0.70,2.63
-1.02,-5.57,0.45,-0.08,-2.23,-0.58,0.29,-2.85,2.87,0.89
-0.91,-6.94,-0.22,0.34,-3.54,4.28,0.54,-2.36,2.15,-0.04
1.85,4.83,0.19,0.80,2.36,-0.16,0.24,-1.58,1.57,0.96
1.64,2.79,-1.12,1.14,1.33,-2.16,1.24,1.28,-0.69,0.48
-0.00,-1.58,0.26,1.02,-0.17,1.66,1.90,3.61,-0.54,1.27
0.42,0.42,-1.19,0.17,3.03,4.80,-0.91,-4.38,0.11,0.42
0.18,0.95,-1.51,0.82,2.69,-6.89,3.09,1.28,-0.92,0.79
2.00,1.73,-1.69,0.84,0.56,-4.48,0.44,0.83,0.89,1.16
1.06,1.69,2.14,2.29,2.24,2.11,-1.27,-4.63,-0.68,1.74
1.75,2.43,0.08,1.21,1.73,0.98,0.29,-0.45,-1.07,0.85
1.38,1.45,1.07,-0.19,0.60,6.73,1.21,1.69,0.90,1.82
0.55,-1.08,-4.82,-0.31,0.11,3.73,2.57,1.76,-4.91,0.15
1.17,1.04,0.79,0.35,0.17,-3.35,1.37,3.90,1.44,1.14
1.83,3.41,-0.53,1.86,2.72,-0.07,0.77,-0.24,0.26,0.91
-0.33,-2.21,2.91,2.08,0.02,-9.65,-0.47,-4.83,-1.76,1.27
0.73,1.31,-1.75,0.19,0.55,-0.25,0.63,1.17,-3.02,0.27
-0.33,-4.72,0.34,2.51,-1.34,5.81,1.24,3.18,2.08,0.90
1.65,0.77,2.88,1.52,0.19,1.81,1.75,1.55,0.73,1.08
0.79,0.15,3.13,-1.55,-0.47,-7.42,-1.01,-5.46,-1.00,0.73
2.52,6.12,0.58,1.75,3.32,-1.37,1.42,2.40,0.83,-0.51
0.43,-0.69,0.63,1.83,1.16,-10.79,2.08,6.70,-0.40,0.89
-0.28,0.27,1.21,1.57,0.43,-2.60,1.53,2.17,1.15,1.34
0.53,0.29,-2.38,0.44,-0.02,-5.07,-0.69,3.31,-12.90,-1.35
0.44,1.97,1.25,1.48,1.80,-4.35,1.66,2.17,3.45,1.86
0.09,-2.11,0.60,3.79,-0.29,-8.08,-0.49,-3.40,-1.74,2.59
1.46,2.21,1.69,-0.15,1.33,3.58,1.16,1.00,1.14,2.21
1.90,1.99,-4.92,-0.44,1.02,2.34,1.00,0.94,-6.31,-0.02
1.27,2.55,-0.28,1.42,0.23,1.68,0.20,-2.19,1.72,0.24
0.04,0.68,-7.14,-0.79,2.30,-2.27,1.47,1.18,-11.55,-1.20
0.62,0.54,-3.27,-0.20,1.32,4.16,0.82,2.11,-2.01,0.78
-0.00,0.14,2.40,-0.64,2.14,4.61,1.70,4.65,3.07,1.38
-0.05,-0.32,3.08,1.28,1.44,3.17,1.52,1.18,2.52,1.53
2.19,0.07,0.83,0.84,0.91,2.48,-0.04,0.87,3.75,1.63
0.30,-1.05,1.49,0.07,0.93,4.14,0.33,-1.41,2.89,1.29
-0.32,-1.84,0.17,0.03,0.55,0.27,1.25,1.53,-0.13,1.16
1.06,0.58,1.74,1.97,-2.40,-2.26,1.79,1.59,-0.70,2.20
-0.75,-2.64,0.73,2.71,-0.61,0.10,1.68,2.90,0.92,1.09
2.10,3.60,9.73,3.11,2.09,-3.00,-0.49,2.57,2.85,1.39
1.15,1.33,1.62,2.10,1.43,-0.37,1.31,0.71,-0.26,1.95
-0.22,-4.42,0.24,1.00,-1.16,5.64,0.46,-2.45,-0.05,-0.29
2.08,2.67,-0.96,-0.52,1.29,9.45,1.53,3.54,3.03,1.94
1.70,1.15,-5.32,-0.33,1.26,-0.45,1.46,1.82,8.30,2.22
-0.17,-2.55,1.69,0.85,0.82,-0.05,-0.06,-0.75,1.76,0.78
2.07,1.05,3.80,1.88,1.72,-6.19,4.03,0.56,-4.08,0.05
2.47,1.26,-2.60,0.31,1.20,4.89,1.42,1.94,-6.16,-0.33
-0.66,-1.03,-5.39,-0.73,1.97,-3.36,1.30,1.82,-6.20,-0.41
0.67,1.48,0.72,0.99,1.36,-0.57,1.77,1.62,-5.40,0.00
1.50,2.55,0.70,2.62,2.12,-2.30,1.47,3.26,-1.31,0.05
1.34,3.38,1.09,1.20,1.46,-10.36,2.32,1.82,4.70,1.94
1.69,3.53,-1.31,0.61,2.56,2.37,0.16,-1.09,2.66,2.29
1.85,4.70,1.81,1.31,1.78,6.43,1.42,0.52,3.21,1.67
1.58,3.85,1.53,2.28,2.28,-4.36,0.96,0.40,0.38,1.22
0.99,1.93,-0.04,2.26,3.78,1.35,1.52,2.52,0.08,0.33
0.26,-2.54,0.82,1.67,-1.31,4.02,0.14,-0.96,2.20,0.29
3.19,1.39,5.07,1.64,0.05,4.86,2.19,2.96,-4.84,-0.14
0.24,-1.37,1.38,1.30,0.90,4.92,1.67,3.45,1.14,1.59
0.95,1.24,1.02,1.19,3.18,5.62,0.46,-0.43,1.75,2.35
-0.19,-0.14,-2.70,-0.37,-0.04,1.08,0.66,0.66,2.27,1.58
0.96,-0.61,2.33,1.47,0.48,-3.75,1.08,0.03,0.67,2.70
0.80,0.56,0.94,0.47,0.63,1.24,-0.67,-2.68,1.92,1.92
2.15,5.07,-0.12,0.01,3.22,2.10,1.08,3.10,2.87,1.70
-0.67,-3.73,1.26,1.38,-0.54,7.91,1.81,4.53,2.86,0.71
0.60,-1.14,0.18,1.99,-0.34,0.40,-0.22,-3.92,1.28,-2.50
0.01,-2.20,1.17,0.03,-0.23,-3.84,-0.30,-3.55,-0.32,0.94
0.81,0.17,1.49,1.29,1.76,4.00,1.45,1.43,7.09,2.23
-0.30,0.09,-0.58,0.78,0.25,4.78,0.80,-0.27,-0.80,0.89
2.54,4.64,-7.23,-1.16,0.24,1.88,2.17,3.69,-6.93,-0.38
-0.28,-3.84,2.43,0.91,-0.17,6.97,2.05,4.57,5.16,1.80
1.53,1.71,3.21,1.66,2.75,-1.86,0.62,1.36,9.68,2.70
0.60,-1.31,0.84,0.73,0.56,-2.33,-0.26,-2.78,1.71,0.69
1.30,0.95,1.84,1.40,-0.46,4.25,1.20,1.34,0.54,1.24
0.52,-0.70,1.96,0.97,2.51,5.76,-0.09,-0.79,2.60,1.25
0.52,1.13,0.81,0.76,1.99,5.19,-0.29,-2.70,0.09,2.07
3.44,4.03,-0.36,0.52,1.96,7.78,0.09,0.39,1.98,1.50
2.32,3.83,0.53,0.57,1.53,-7.17,0.96,1.50,-0.63,0.24
-0.76,0.05,-0.31,0.96,2.17,-3.48,1.64,1.09,5.66,2.04
1.41,0.25,-1.45,0.38,1.41,6.90,0.64,1.43,10.79,3.12
3.42,3.56,0.65,0.84,1.57,-5.21,1.25,3.11,1.93,1.11
0.63,2.75,0.09,0.87,0.68,10.02,2.34,1.92,2.45,1.70
1.77,1.32,2.35,1.09,2.03,5.95,1.97,1.06,1.50,1.48
2.03,3.73,-3.23,-0.27,2.73,-1.48,0.53,-1.06,3.16,1.57
0.61,0.74,0.96,1.78,3.52,2.41,2.08,3.94,-0.70,1.80
-0.73,-1.55,6.98,2.45,2.02,-5.68,0.72,0.36,-8.77,-0.57
1.47,0.95,0.40,1.41,-0.59,8.39,1.97,5.00,2.94,1.45
0.48,-0.31,-3.97,0.11,-0.13,-11.58,-0.70,1.03,-1.62,0.66
1.59,3.52,1.98,0.51,0.92,7.12,0.60,-0.48,1.44,0.74
1.59,-0.22,-4.99,-0.22,0.66,1.12,-0.47,2.20,2.44,1.49
2.81,7.42,-0.71,-0.49,2.88,4.17,0.07,-2.82,1.37,1.91
2.22,3.10,1.79,-0.01,0.77,4.24,2.31,5.20,2.46,0.55
0.31,0.12,-0.15,1.85,-0.51,1.17,-0.46,-3.79,0.17,2.54
1.31,2.15,1.63,0.10,2.84,-5.34,1.12,2.16,1.15,1.08
2.21,3.34,0.82,0.93,2.21,1.70,3.85,-0.25,2.51,0.93
1.05,-0.51,1.47,0.76,-1.21,7.09,-1.01,-6.73,3.24,1.54
0.57,-0.03,-0.75,1.00,0.66,-10.23,0.18,-1.72,-2.22,3.85
2.54,5.11,1.04,0.53,3.42,4.56,0.93,0.14,0.94,-0.31
1.34,4.27,0.95,0.43,3.10,0.59,3.44,9.23,-1.05,1.20
0.93,0.67,3.89,1.77,2.53,2.73,0.84,0.36,9.81,2.64
0.85,1.38,5.74,2.61,-0.30,-3.65,1.45,2.00,-5.17,0.05
1.62,3.84,1.37,0.77,4.32,-0.06,1.37,1.68,0.41,0.59
2.29,1.69,2.78,1.41,1.28,1.04,0.75,0.14,-4.76,0.38
1.03,0.78,5.80,2.12,-0.05,0.60,1.21,0.77,2.86,1.50
0.25,0.77,5.98,2.50,0.99,0.73,1.70,1.06,2.58,1.28
-0.00,-0.10,-2.63,0.22,1.22,5.34,0.68,-0.83,4.14,1.81
0.94,0.84,-0.04,1.85,1.34,1.19,1.14,0.20,1.28,-0.32
1.65,3.61,0.36,2.16,1.72,8.60,3.49,9.42,1.69,1.70
1.75,2.26,2.35,1.48,2.12,4.19,0.92,0.20,-0.53,0.81
1.26,2.75,0.41,-0.36,3.37,5.95,1.41,1.46,0.82,0.93
-0.39,-1.38,4.68,1.89,0.79,-0.90,1.16,3.59,2.22,1.60
2.60,6.55,0.49,0.79,3.78,3.93,1.81,3.55,1.35,-0.58
1.47,1.79,2.21,1.35,1.62,0.52,1.69,2.43,15.18,3.56
0.70,1.14,0.45,0.35,1.57,-8.37,1.34,0.21,-0.91,0.72
1.48,0.65,0.45,0.61,-0.69,-0.38,0.36,1.17,-7.60,-0.88
1.24,2.72,0.13,-0.37,2.41,1.81,0.21,-1.23,1.49,0.85
0.06,-3.47,0.19,1.60,-2.28,-3.30,1.34,1.71,1.49,1.81
1.64,0.90,8.49,3.00,0.74,-3.98,0.58,0.36,-1.20,0.88
1.47,2.63,-3.51,0.23,2.85,-0.48,0.39,0.86,0.38,0.99
0.47,0.92,1.59,1.28,2.62,-5.21,1.61,2.99,0.49,0.93
1.00,2.19,1.04,1.56,1.11,-6.82,2.13,5.27,-1.83,-0.20
0.76,-0.79,0.56,1.19,0.63,6.78,0.90,0.53,0.74,1.09
0.65,0.38,2.22,1.07,2.44,2.70,-0.11,-2.44,3.02,0.70
0.20,-0.14,-0.17,0.56,2.04,4.49,1.66,0.75,2.41,1.75
0.69,0.83,1.17,0.67,2.49,-1.10,1.22,2.98,-0.75,0.26
0.83,-3.51,1.03,2.11,-2.91,1.61,1.80,3.62,3.12,-1.12
-1.59,-8.57,1.58,-0.11,-5.05,12.70,0.39,-0.60,3.72,1.60
-0.36,-0.21,-1.24,0.09,1.30,-5.38,-0.09,1.72,2.93,1.35
1.87,4.48,1.17,1.60,3.35,2.72,-1.53,-5.42,2.77,1.81
-0.17,-0.20,1.63,1.00,1.99,-2.55,-0.63,1.14,-6.85,-0.07
0.88,0.53,1.05,1.28,1.14,0.54,1.43,1.89,3.47,2.03
0.06,-2.47,1.57,0.62,1.27,0.85,0.22,-2.20,0.79,0.13
-0.17,-2.74,0.78,1.41,-1.09,13.75,-0.20,-2.44,3.99,0.11
1.07,1.23,-3.96,-0.99,1.41,-5.97,-0.68,1.86,-3.51,0.47
3.49,5.87,1.20,1.31,0.54,3.75,1.62,0.42,6.67,2.17
2.02,1.87,1.85,1.05,1.63,7.67,1.24,1.99,4.56,2.39
3.24,5.21,1.46,1.23,-0.12,2.93,2.10,2.03,-1.71,0.71
